,"""sup-Wheat tjj dd""","""sup-Citrus tjj dd""","""Sup- Rice tjj dd""","""sup-Apple tjj dd""","""sup-Sorgum tjdd""","""Sup-grainmaize Tjdd""","""Sup-tomato tjdd""","""sup-Rapeseed tjdd""",supply of tomato tj,supply of apple Tj,supply of Rice Tj,supply of citrus Tj,spply of wheat Tj,supply of rapeseed Tj,supply of rice zr,supply of citrus zr,supply of rapeseed zr,supply of wheat,supply of apple,supply of tomato,supply of grainmaize,supply of chickpea,supply of rice,supply of rapeseed,supply of citrus
0.0,0.0,0.0,0.0,0.0,0.0,0.0,0.0,0.0,5.967e-07,0.0,0.0,0.0,0.0,3.9000000000000005e-08,0.0,0.0,0.0,0.0,0.0,0.0,0.0,0.0,0.0,0.0,0.0
1.0,0.0,0.0,0.0,0.0,0.0,0.0,0.0,0.0,5.967e-07,0.0,0.0,0.0,0.0,3.9000000000000005e-08,0.0,0.0,0.0,0.0,0.0,0.0,0.0,0.0,0.0,0.0,0.0
2.0,0.0,0.0,0.0,0.0,0.0,0.0,0.0,0.0,5.967e-07,0.0,0.0,0.0,0.0,3.9000000000000005e-08,0.0,0.0,0.0,0.0,0.0,0.0,0.0,0.0,0.0,0.0,0.0
3.0,0.0,0.0,0.0,0.0,0.0,0.0,0.0,0.0,5.967e-07,0.0,0.0,0.0,0.0,3.9000000000000005e-08,0.0,0.0,0.0,0.0,0.0,0.0,0.0,0.0,0.0,0.0,0.0
4.0,0.0,0.0,0.0,0.0,0.0,0.0,0.0,0.0,5.967e-07,0.0,0.0,0.0,0.0,3.9000000000000005e-08,0.0,0.0,0.0,0.0,0.0,0.0,0.0,0.0,0.0,0.0,0.0
5.0,0.0,0.0,0.0,0.0,0.0,0.0,0.0,0.0,5.967e-07,0.0,0.0,0.0,0.0,3.9000000000000005e-08,0.0,0.0,0.0,0.0,0.0,0.0,0.0,0.0,0.0,0.0,0.0
6.0,0.0,0.0,0.0,0.0,0.0,0.0,0.0,0.0,5.967e-07,0.0,0.0,0.0,0.0,3.9000000000000005e-08,0.0,0.0,0.0,0.0,0.0,0.0,0.0,0.0,0.0,0.0,0.0
7.0,0.0,0.0,0.0,0.0,0.0,0.0,0.0,0.0,5.967e-07,0.0,0.0,0.0,0.0,3.9000000000000005e-08,0.0,0.0,0.0,0.0,0.0,0.0,0.0,0.0,0.0,0.0,0.0
8.0,0.0,0.0,0.0,0.0,0.0,0.0,0.0,0.0,5.967e-07,0.0,0.0,0.0,0.0,3.9000000000000005e-08,0.0,0.0,0.0,0.0,0.0,0.0,0.0,0.0,0.0,0.0,0.0
9.0,0.0,0.0,0.0,0.0,0.0,0.0,0.0,0.0,5.967e-07,0.0,0.0,0.0,0.0,3.9000000000000005e-08,0.0,0.0,0.0,0.0,0.0,0.0,0.0,0.0,0.0,0.0,0.0
10.0,0.00027344262400000004,0.0,5.6602975000000005e-05,0.0,0.00032452000000000007,7.001500000000001e-05,3.994031e-06,5.6602975000000005e-05,5.967e-07,0.0,0.0,0.0,0.0,3.9000000000000005e-08,0.0,0.0,0.0,0.0,0.0,0.0,0.0,0.0,0.0,0.0,0.0
11.0,0.0,0.0,0.0,0.0,0.0004782400000000001,0.00010318000000000001,6.108518e-06,0.0,9.126000000000001e-07,0.0,0.0,0.0,0.0,0.0,0.0,0.0,0.0,0.0,0.0,0.0,0.0,0.0,0.0,0.0,0.0
12.0,0.0,0.0,0.0,0.0,0.0004782400000000001,0.00010318000000000001,6.108518e-06,0.0,9.126000000000001e-07,0.0,0.0,0.0,0.0,0.0,0.0,0.0,0.0,0.0,0.0,0.0,0.0,0.0,0.0,0.0,0.0
13.0,0.0,0.0,0.0,0.0,0.0004782400000000001,0.00010318000000000001,6.108518e-06,0.0,9.126000000000001e-07,0.0,0.0,0.0,0.0,0.0,0.0,0.0,0.0,0.0,0.0,0.0,0.0,0.0,0.0,0.0,0.0
14.0,0.0,0.0,0.0,0.0,0.0004782400000000001,0.00010318000000000001,6.108518e-06,0.0,9.126000000000001e-07,0.0,0.0,0.0,0.0,0.0,0.0,0.0,0.0,0.0,0.0,0.0,0.0,0.0,0.0,0.0,0.0
15.0,0.0,0.0,0.0,0.0,0.0004782400000000001,0.00010318000000000001,6.108518e-06,0.0,9.126000000000001e-07,0.0,0.0,0.0,0.0,0.0,0.0,0.0,0.0,0.0,0.0,0.0,0.0,0.0,0.0,0.0,0.0
16.0,0.0,0.0,0.0,0.0,0.0004782400000000001,0.00010318000000000001,6.108518e-06,0.0,9.126000000000001e-07,0.0,0.0,0.0,0.0,0.0,0.0,0.0,0.0,0.0,0.0,0.0,0.0,0.0,0.0,0.0,0.0
17.0,0.0,0.0,0.0,0.0,0.0004782400000000001,0.00010318000000000001,6.108518e-06,0.0,9.126000000000001e-07,0.0,0.0,0.0,0.0,0.0,0.0,0.0,0.0,0.0,0.0,0.0,0.0,0.0,0.0,0.0,0.0
18.0,0.0,0.0,0.0,0.0,0.0004782400000000001,0.00010318000000000001,6.108518e-06,0.0,9.126000000000001e-07,0.0,0.0,0.0,0.0,0.0,0.0,0.0,0.0,0.0,0.0,0.0,0.0,0.0,0.0,0.0,0.0
19.0,0.0,0.0,0.0,0.0,0.0004782400000000001,0.00010318000000000001,6.108518e-06,0.0,9.126000000000001e-07,0.0,0.0,0.0,0.0,0.0,0.0,0.0,0.0,0.0,0.0,0.0,0.0,0.0,0.0,0.0,0.0
20.0,0.0,0.0,0.0,0.0,0.0004782400000000001,0.00010318000000000001,6.108518e-06,0.0,9.126000000000001e-07,0.0,0.0,0.0,0.0,0.0,0.0,0.0,0.0,0.0,0.0,0.0,0.0,0.0,0.0,0.0,0.0
21.0,0.00018799180400000002,0.0,0.0,0.0,0.00015372,3.3165e-05,2.584373e-06,0.0,3.8610000000000005e-07,0.0,0.0,0.0,0.0,0.0,0.0,0.0,0.0,0.0,0.0,0.0,0.0,0.0,0.0,0.0,0.0
22.0,0.00018799180400000002,0.0,0.0,0.0,0.00015372,3.3165e-05,2.584373e-06,0.0,3.8610000000000005e-07,0.0,0.0,0.0,0.0,0.0,0.0,0.0,0.0,0.0,0.0,0.0,0.0,0.0,0.0,0.0,0.0
23.0,0.00018799180400000002,0.0,0.0,0.0,0.00015372,3.3165e-05,2.584373e-06,0.0,3.8610000000000005e-07,0.0,0.0,0.0,0.0,0.0,0.0,0.0,0.0,0.0,0.0,0.0,0.0,0.0,0.0,0.0,0.0
24.0,0.00018799180400000002,0.0,0.0,0.0,0.00015372,3.3165e-05,2.584373e-06,0.0,3.8610000000000005e-07,0.0,0.0,0.0,0.0,0.0,0.0,0.0,0.0,0.0,0.0,0.0,0.0,0.0,0.0,0.0,0.0
25.0,0.00018799180400000002,0.0,0.0,0.0,0.00015372,3.3165e-05,2.584373e-06,0.0,3.8610000000000005e-07,0.0,0.0,0.0,0.0,0.0,0.0,0.0,0.0,0.0,0.0,0.0,0.0,0.0,0.0,0.0,0.0
26.0,0.00018799180400000002,0.0,0.0,0.0,0.00015372,3.3165e-05,2.584373e-06,0.0,3.8610000000000005e-07,0.0,0.0,0.0,0.0,0.0,0.0,0.0,0.0,0.0,0.0,0.0,0.0,0.0,0.0,0.0,0.0
27.0,0.00018799180400000002,0.0,0.0,0.0,0.00015372,3.3165e-05,2.584373e-06,0.0,3.8610000000000005e-07,0.0,0.0,0.0,0.0,0.0,0.0,0.0,0.0,0.0,0.0,0.0,0.0,0.0,0.0,0.0,0.0
28.0,0.00018799180400000002,0.0,0.0,0.0,0.00015372,3.3165e-05,2.584373e-06,0.0,3.8610000000000005e-07,0.0,0.0,0.0,0.0,0.0,0.0,0.0,0.0,0.0,0.0,0.0,0.0,0.0,0.0,0.0,0.0
29.0,0.00018799180400000002,0.0,0.0,0.0,0.00015372,3.3165e-05,2.584373e-06,0.0,3.8610000000000005e-07,0.0,0.0,0.0,0.0,0.0,0.0,0.0,0.0,0.0,0.0,0.0,0.0,0.0,0.0,0.0,0.0
30.0,0.00018799180400000002,0.0,0.0,0.0,0.00015372,3.3165e-05,2.584373e-06,0.0,3.8610000000000005e-07,0.0,0.0,0.0,0.0,0.0,0.0,0.0,0.0,0.0,0.0,0.0,0.0,0.0,0.0,0.0,0.0
31.0,0.0,0.0,0.0,0.0,0.0,0.0,0.0,0.0,0.0,0.0,0.0,0.0,0.0,0.0,0.0,0.0,0.0,0.0,0.0,0.0,0.0,0.0,0.0,0.0,0.0
32.0,0.0,0.0,0.0,0.0,0.0,0.0,0.0,0.0,0.0,0.0,0.0,0.0,0.0,0.0,0.0,0.0,0.0,0.0,0.0,0.0,0.0,0.0,0.0,0.0,0.0
33.0,0.0,0.0,0.0,0.0,0.0,0.0,0.0,0.0,0.0,0.0,0.0,0.0,0.0,0.0,0.0,0.0,0.0,0.0,0.0,0.0,0.0,0.0,0.0,0.0,0.0
34.0,0.0,0.0,0.0,0.0,0.0,0.0,0.0,0.0,0.0,0.0,0.0,0.0,0.0,0.0,0.0,0.0,0.0,0.0,0.0,0.0,0.0,0.0,0.0,0.0,0.0
35.0,0.0,0.0,0.0,0.0,0.0,0.0,0.0,0.0,0.0,0.0,0.0,0.0,0.0,0.0,0.0,0.0,0.0,0.0,0.0,0.0,0.0,0.0,0.0,0.0,0.0
36.0,0.0,0.0,0.0,0.0,0.0,0.0,0.0,0.0,0.0,0.0,0.0,0.0,0.0,0.0,0.0,0.0,0.0,0.0,0.0,0.0,0.0,0.0,0.0,0.0,0.0
37.0,0.0,0.0,0.0,0.0,0.0,0.0,0.0,0.0,0.0,0.0,0.0,0.0,0.0,0.0,0.0,0.0,0.0,0.0,0.0,0.0,0.0,0.0,0.0,0.0,0.0
38.0,0.0,0.0,0.0,0.0,0.0,0.0,0.0,0.0,0.0,0.0,0.0,0.0,0.0,0.0,0.0,0.0,0.0,0.0,0.0,0.0,0.0,0.0,0.0,0.0,0.0
39.0,0.0,0.0,0.0,0.0,0.0,0.0,0.0,0.0,0.0,0.0,0.0,0.0,0.0,0.0,0.0,0.0,0.0,0.0,0.0,0.0,0.0,0.0,0.0,0.0,0.0
40.0,0.0,0.0,0.0,0.0,0.0,0.0,0.0,0.0,0.0,0.0,0.0,0.0,0.0,0.0,0.0,0.0,0.0,0.0,0.0,0.0,0.0,0.0,0.0,0.0,0.0
41.0,0.0,0.0,0.0,0.0,0.0,0.0,0.0,0.0,0.0,0.0,0.0,0.0,0.0,0.0,0.0,0.0,0.0,0.0,0.0,0.0,0.0,0.0,0.0,0.0,0.0
42.0,0.0,0.0,0.0,0.0,0.0,0.0,0.0,0.0,0.0,0.0,0.0,0.0,0.0,0.0,0.0,0.0,0.0,0.0,0.0,0.0,0.0,0.0,0.0,0.0,0.0
43.0,0.0,0.0,0.0,0.0,0.0,0.0,0.0,0.0,0.0,0.0,0.0,0.0,0.0,0.0,0.0,0.0,0.0,0.0,0.0,0.0,0.0,0.0,0.0,0.0,0.0
44.0,0.0,0.0,0.0,0.0,0.0,0.0,0.0,0.0,0.0,0.0,0.0,0.0,0.0,0.0,0.0,0.0,0.0,0.0,0.0,0.0,0.0,0.0,0.0,0.0,0.0
45.0,0.0,0.0,0.0,0.0,0.0,0.0,0.0,0.0,0.0,0.0,0.0,0.0,0.0,0.0,0.0,0.0,0.0,0.0,0.0,0.0,0.0,0.0,0.0,0.0,0.0
46.0,0.0,0.0,0.0,0.0,0.0,0.0,0.0,0.0,0.0,0.0,0.0,0.0,0.0,0.0,0.0,0.0,0.0,0.0,0.0,0.0,0.0,0.0,0.0,0.0,0.0
47.0,0.0,0.0,0.0,0.0,0.0,0.0,0.0,0.0,0.0,0.0,0.0,0.0,0.0,0.0,0.0,0.0,0.0,0.0,0.0,0.0,0.0,0.0,0.0,0.0,0.0
48.0,0.0,0.0,0.0,0.0,0.0,0.0,0.0,0.0,0.0,0.0,0.0,0.0,0.0,0.0,0.0,0.0,0.0,0.0,0.0,0.0,0.0,0.0,0.0,0.0,0.0
49.0,0.0,0.0,0.0,0.0,0.0,0.0,0.0,0.0,0.0,0.0,0.0,0.0,0.0,0.0,0.0,0.0,0.0,0.0,0.0,0.0,0.0,0.0,0.0,0.0,0.0
50.0,0.0,0.0,0.0,0.0,0.0,0.0,0.0,0.0,0.0,0.0,0.0,0.0,0.0,0.0,0.0,0.0,0.0,0.0,0.0,0.0,0.0,0.0,0.0,0.0,0.0
51.0,0.0,0.0,0.0,0.0,0.0,0.0,0.0,0.0,0.0,0.0,0.0,0.0,0.0,0.0,0.0,0.0,0.0,0.0,0.0,0.0,0.0,0.0,0.0,0.0,0.0
52.0,0.0,0.0,0.0,0.0,0.0,0.0,0.0,0.0,0.0,0.0,0.0,0.0,0.0,0.0,0.0,0.0,0.0,0.0,0.0,0.0,0.0,0.0,0.0,0.0,0.0
53.0,0.0,0.0,0.0,0.0,0.0,0.0,0.0,0.0,0.0,0.0,0.0,0.0,0.0,0.0,0.0,0.0,0.0,0.0,0.0,0.0,0.0,0.0,0.0,0.0,0.0
54.0,0.0,0.0,0.0,0.0,0.0,0.0,0.0,0.0,0.0,0.0,0.0,0.0,0.0,0.0,0.0,0.0,0.0,0.0,0.0,0.0,0.0,0.0,0.0,0.0,0.0
55.0,0.0,0.0,0.0,0.0,0.0,0.0,0.0,0.0,0.0,0.0,0.0,0.0,0.0,0.0,0.0,0.0,0.0,0.0,0.0,0.0,0.0,0.0,0.0,0.0,0.0
56.0,0.0,0.0,0.0,0.0,0.0,0.0,0.0,0.0,0.0,0.0,0.0,0.0,0.0,0.0,0.0,0.0,0.0,0.0,0.0,0.0,0.0,0.0,0.0,0.0,0.0
57.0,0.0,0.0,0.0,0.0,0.0,0.0,0.0,0.0,0.0,0.0,0.0,0.0,0.0,0.0,0.0,0.0,0.0,0.0,0.0,0.0,0.0,0.0,0.0,0.0,0.0
58.0,0.0,0.0,0.0,0.0,0.0,0.0,0.0,0.0,0.0,0.0,0.0,0.0,0.0,0.0,0.0,0.0,0.0,0.0,0.0,0.0,0.0,0.0,0.0,0.0,0.0
59.0,0.0,0.0,0.0,0.0,0.0,0.0,0.0,0.0,0.0,0.0,0.0,0.0,0.0,0.0,0.0,0.0,0.0,0.0,0.0,0.0,0.0,0.0,0.0,0.0,0.0
60.0,0.0,0.0,0.0,0.0,0.0,0.0,0.0,0.0,0.0,0.0,0.0,0.0,0.0,0.0,0.0,0.0,0.0,0.0,0.0,0.0,0.0,0.0,0.0,0.0,0.0
61.0,0.0,0.0,0.0,0.0,0.0,0.0,0.0,0.0,0.0,0.0,0.0,0.0,0.0,0.0,0.0,0.0,0.0,0.0,0.0,0.0,0.0,0.0,0.0,0.0,0.0
62.0,0.0,0.0,0.0,0.0,0.0,0.0,0.0,0.0,0.0,0.0,0.0,0.0,0.0,0.0,0.0,0.0,0.0,0.0,0.0,0.0,0.0,0.0,0.0,0.0,0.0
63.0,0.0,0.0,0.0,0.0,0.0,0.0,0.0,0.0,0.0,0.0,0.0,0.0,0.0,0.0,0.0,0.0,0.0,0.0,0.0,0.0,0.0,0.0,0.0,0.0,0.0
64.0,0.0,0.0,0.0,0.0,0.0,0.0,0.0,0.0,0.0,0.0,0.0,0.0,0.0,0.0,0.0,0.0,0.0,0.0,0.0,0.0,0.0,0.0,0.0,0.0,0.0
65.0,0.0,0.0,0.0,0.0,0.0,0.0,0.0,0.0,0.0,0.0,0.0,0.0,0.0,0.0,0.0,0.0,0.0,0.0,0.0,0.0,0.0,0.0,0.0,0.0,0.0
66.0,0.0,0.0,0.0,0.0,0.0,0.0,0.0,0.0,0.0,0.0,0.0,0.0,0.0,0.0,0.0,0.0,0.0,0.0,0.0,0.0,0.0,0.0,0.0,0.0,0.0
67.0,0.0,0.0,0.0,0.0,0.0,0.0,0.0,0.0,0.0,0.0,0.0,0.0,0.0,0.0,0.0,0.0,0.0,0.0,0.0,0.0,0.0,0.0,0.0,0.0,0.0
68.0,0.0,0.0,0.0,0.0,0.0,0.0,0.0,0.0,0.0,0.0,0.0,0.0,0.0,0.0,0.0,0.0,0.0,0.0,0.0,0.0,0.0,0.0,0.0,0.0,0.0
69.0,0.0,0.0,0.0,0.0,0.0,0.0,0.0,0.0,0.0,0.0,0.0,0.0,0.0,0.0,0.0,0.0,0.0,0.0,0.0,0.0,0.0,0.0,0.0,0.0,0.0
70.0,0.0,0.0,0.0,0.0,0.0,0.0,0.0,0.0,0.0,0.0,0.0,0.0,0.0,0.0,0.0,0.0,0.0,0.0,0.0,0.0,0.0,0.0,0.0,0.0,0.0
71.0,0.0,0.0,0.0,0.0,0.0,0.0,0.0,0.0,0.0,0.0,0.0,0.0,0.0,0.0,0.0,0.0,0.0,0.0,0.0,0.0,0.0,0.0,0.0,0.0,0.0
72.0,0.0,0.0,0.0,0.0,0.0,0.0,0.0,0.0,0.0,0.0,0.0,0.0,0.0,0.0,0.0,0.0,0.0,0.0,0.0,0.0,0.0,0.0,0.0,0.0,0.0
73.0,0.0,0.0,0.0,0.0,0.0,0.0,0.0,0.0,0.0,0.0,0.0,0.0,0.0,0.0,0.0,0.0,0.0,0.0,0.0,0.0,0.0,0.0,0.0,0.0,0.0
74.0,0.0,0.0,0.0,0.0,0.0,0.0,0.0,0.0,0.0,0.0,0.0,0.0,0.0,0.0,0.0,0.0,0.0,0.0,0.0,0.0,0.0,0.0,0.0,0.0,0.0
75.0,0.0,0.0,0.0,0.0,0.0,0.0,0.0,0.0,0.0,0.0,0.0,0.0,0.0,0.0,0.0,0.0,0.0,0.0,0.0,0.0,0.0,0.0,0.0,0.0,0.0
76.0,0.0,0.0,0.0,0.0,0.0,0.0,0.0,0.0,0.0,0.0,0.0,0.0,0.0,0.0,0.0,0.0,0.0,0.0,0.0,0.0,0.0,0.0,0.0,0.0,0.0
77.0,0.0,0.0,0.0,0.0,0.0,0.0,0.0,0.0,0.0,0.0,0.0,0.0,0.0,0.0,0.0,0.0,0.0,0.0,0.0,0.0,0.0,0.0,0.0,0.0,0.0
78.0,0.0,0.0,0.0,0.0,0.0,0.0,0.0,0.0,0.0,0.0,0.0,0.0,0.0,0.0,0.0,0.0,0.0,0.0,0.0,0.0,0.0,0.0,0.0,0.0,0.0
79.0,0.0,0.0,0.0,0.0,0.0,0.0,0.0,0.0,0.0,0.0,0.0,0.0,0.0,0.0,0.0,0.0,0.0,0.0,0.0,0.0,0.0,0.0,0.0,0.0,0.0
80.0,0.0,0.0,0.0,0.0,0.0,0.0,0.0,0.0,0.0,0.0,0.0,0.0,0.0,0.0,0.0,0.0,0.0,0.0,0.0,0.0,0.0,0.0,0.0,0.0,0.0
81.0,0.0,0.0,0.0,0.0,0.0,0.0,0.0,0.0,0.0,0.0,0.0,0.0,0.0,0.0,0.0,0.0,0.0,0.0,0.0,0.0,0.0,0.0,0.0,0.0,0.0
82.0,0.0,0.0,0.0,0.0,0.0,0.0,0.0,0.0,0.0,0.0,0.0,0.0,0.0,0.0,0.0,0.0,0.0,0.0,0.0,0.0,0.0,0.0,0.0,0.0,0.0
83.0,0.0,0.0,0.0,0.0,0.0,0.0,0.0,0.0,0.0,0.0,0.0,0.0,0.0,0.0,0.0,0.0,0.0,0.0,0.0,0.0,0.0,0.0,0.0,0.0,0.0
84.0,0.0,0.0,0.0,0.0,0.0,0.0,0.0,0.0,0.0,0.0,0.0,0.0,0.0,0.0,0.0,0.0,0.0,0.0,0.0,0.0,0.0,0.0,0.0,0.0,0.0
85.0,0.0,0.0,0.0,0.0,0.0,0.0,0.0,0.0,0.0,0.0,0.0,0.0,0.0,0.0,0.0,0.0,0.0,0.0,0.0,0.0,0.0,0.0,0.0,0.0,0.0
86.0,0.0,0.0,0.0,0.0,0.0,0.0,0.0,0.0,0.0,0.0,0.0,0.0,0.0,0.0,0.0,0.0,0.0,0.0,0.0,0.0,0.0,0.0,0.0,0.0,0.0
87.0,0.0,0.0,0.0,0.0,0.0,0.0,0.0,0.0,0.0,0.0,0.0,0.0,0.0,0.0,0.0,0.0,0.0,0.0,0.0,0.0,0.0,0.0,0.0,0.0,0.0
88.0,0.0,0.0,0.0,0.0,0.0,0.0,0.0,0.0,0.0,0.0,0.0,0.0,0.0,0.0,0.0,0.0,0.0,0.0,0.0,0.0,0.0,0.0,0.0,0.0,0.0
89.0,0.0,0.0,0.0,0.0,0.0,0.0,0.0,0.0,0.0,0.0,0.0,0.0,0.0,0.0,0.0,0.0,0.0,0.0,0.0,0.0,0.0,0.0,0.0,0.0,0.0
90.0,0.0,0.0,0.0,0.0,0.0,0.0,0.0,0.0,0.0,0.0,0.0,0.0,0.0,0.0,0.0,0.0,0.0,0.0,0.0,0.0,0.0,0.0,0.0,0.0,0.0
91.0,0.0,0.0,0.0,0.0,0.0,0.0,0.0,0.0,0.0,0.0,0.0,0.0,0.0,0.0,0.0,0.0,0.0,0.0,0.0,0.0,0.0,0.0,0.0,0.0,9.43074e-05
92.0,0.0,0.0,0.0,0.0,0.0,0.0,0.0,0.0,0.0,0.0,0.0,0.0,0.0,0.0,0.0,0.0,0.0,0.0,0.0,0.0,0.0,0.0,0.0,0.0,9.43074e-05
93.0,0.0,0.0,0.0,0.0,0.0,0.0,0.0,0.0,0.0,0.0,0.0,0.0,0.0,0.0,0.0,0.0,0.0,0.0,0.0,0.0,0.0,0.0,0.0,0.0,9.43074e-05
94.0,0.0,0.0,0.0,0.0,0.0,0.0,0.0,0.0,0.0,0.0,0.0,0.0,0.0,0.0,0.0,0.0,0.0,0.0,0.0,0.0,0.0,0.0,0.0,0.0,9.43074e-05
95.0,0.0,0.0,0.0,0.0,0.0,0.0,0.0,0.0,0.0,0.0,0.0,0.0,0.0,0.0,0.0,0.0,0.0,0.0,0.0,0.0,0.0,0.0,0.0,0.0,9.43074e-05
96.0,0.0,0.0,0.0,0.0,0.0,0.0,0.0,0.0,0.0,0.0,0.0,0.0,0.0,0.0,0.0,0.0,0.0,0.0,0.0,0.0,0.0,0.0,0.0,0.0,9.43074e-05
97.0,0.0,0.0,0.0,0.0,0.0,0.0,0.0,0.0,0.0,0.0,0.0,0.0,0.0,0.0,0.0,0.0,0.0,0.0,0.0,0.0,0.0,0.0,0.0,0.0,9.43074e-05
98.0,0.0,0.0,0.0,0.0,0.0,0.0,0.0,0.0,0.0,0.0,0.0,0.0,0.0,0.0,0.0,0.0,0.0,0.0,0.0,0.0,0.0,0.0,0.0,0.0,9.43074e-05
99.0,0.0,0.0,0.0,0.0,0.0,0.0,0.0,0.0,0.0,0.0,0.0,0.0,0.0,0.0,0.0,0.0,0.0,0.0,0.0,0.0,0.0,0.0,0.0,0.0,9.43074e-05
100.0,0.0,0.0,0.0,0.0,0.0,0.0,0.0,0.0,0.0,0.0,0.0,0.0,0.0,0.0,0.0,0.0,0.0,0.0,0.0,0.0,0.0,0.0,0.0,0.0,9.43074e-05
101.0,0.0,0.0,0.0,0.0,0.0,0.0,0.0,0.0,0.0,0.0,0.0,0.0,0.0,0.0,0.0,0.0,0.0,0.0,0.0,0.0,0.0,0.0,0.0,0.0,0.00010573860000000001
102.0,0.0,0.0,0.0,0.0,0.0,0.0,0.0,0.0,0.0,0.0,0.0,0.0,0.0,0.0,0.0,0.0,0.0,0.0,0.0,0.0,0.0,0.0,0.0,0.0,0.00010573860000000001
103.0,0.0,0.0,0.0,0.0,0.0,0.0,0.0,0.0,0.0,0.0,0.0,0.0,0.0,0.0,0.0,0.0,0.0,0.0,0.0,0.0,0.0,0.0,0.0,0.0,0.00010573860000000001
104.0,0.0,0.0,0.0,0.0,0.0,0.0,0.0,0.0,0.0,0.0,0.0,0.0,0.0,0.0,0.0,0.0,0.0,0.0,0.0,0.0,0.0,0.0,0.0,0.0,0.00010573860000000001
105.0,0.0,0.0,0.0,0.0,0.0,0.0,0.0,0.0,0.0,0.0,0.0,0.0,0.0,0.0,0.0,0.0,0.0,0.0,0.0,0.0,0.0,0.0,0.0,0.0,0.00010573860000000001
106.0,0.0,0.0,0.0,0.0,0.0,0.0,0.0,0.0,0.0,0.0,0.0,0.0,0.0,0.0,0.0,0.0,0.0,0.0,0.0,0.0,0.0,0.0,0.0,0.0,0.00010573860000000001
107.0,0.0,0.0,0.0,0.0,0.0,0.0,0.0,0.0,0.0,0.0,0.0,0.0,0.0,0.0,0.0,0.0,0.0,0.0,0.0,0.0,0.0,0.0,0.0,0.0,0.00010573860000000001
108.0,0.0,0.0,0.0,0.0,0.0,0.0,0.0,0.0,0.0,0.0,0.0,0.0,0.0,0.0,0.0,0.0,0.0,0.0,0.0,0.0,0.0,0.0,0.0,0.0,0.00010573860000000001
109.0,0.0,0.0,0.0,0.0,0.0,0.0,0.0,0.0,0.0,0.0,0.0,0.0,0.0,0.0,0.0,0.0,0.0,0.0,0.0,0.0,0.0,0.0,0.0,0.0,0.00010573860000000001
110.0,0.0,0.0,0.0,0.0,0.0,0.0,0.0,0.0,0.0,0.0,0.0,0.0,0.0,0.0,0.0,0.0,0.0,0.0,0.0,0.0,0.0,0.0,0.0,0.0,0.00010573860000000001
111.0,0.0,0.0,0.0,0.0,0.0,0.0,0.0,0.0,0.0,0.0,0.0,4.98112e-05,0.0,0.0,0.0,0.000205553536,0.0,0.0,0.0,0.0,0.0,0.0,0.0,0.0,0.0001219328
112.0,0.0,0.0,0.0,0.0,0.0,0.0,0.0,0.0,0.0,0.0,0.0,4.98112e-05,0.0,0.0,0.0,0.000205553536,0.0,0.0,0.0,0.0,0.0,0.0,0.0,0.0,0.0001219328
113.0,0.0,0.0,0.0,0.0,0.0,0.0,0.0,0.0,0.0,0.0,0.0,4.98112e-05,0.0,0.0,0.0,0.000205553536,0.0,0.0,0.0,0.0,0.0,0.0,0.0,0.0,0.0001219328
114.0,0.0,0.0,0.0,0.0,0.0,0.0,0.0,0.0,0.0,0.0,0.0,4.98112e-05,0.0,0.0,0.0,0.000205553536,0.0,0.0,0.0,0.0,0.0,0.0,0.0,0.0,0.0001219328
115.0,0.0,0.0,0.0,0.0,0.0,0.0,0.0,0.0,0.0,0.0,0.0,4.98112e-05,0.0,0.0,0.0,0.000205553536,0.0,0.0,0.0,0.0,0.0,0.0,0.0,0.0,0.0001219328
116.0,0.0,0.0,0.0,0.0,0.0,0.0,0.0,0.0,0.0,0.0,0.0,4.98112e-05,0.0,0.0,0.0,0.000205553536,0.0,0.0,0.0,0.0,0.0,0.0,0.0,0.0,0.0001219328
117.0,0.0,0.0,0.0,0.0,0.0,0.0,0.0,0.0,0.0,0.0,0.0,4.98112e-05,0.0,0.0,0.0,0.000205553536,0.0,0.0,0.0,0.0,0.0,0.0,0.0,0.0,0.0001219328
118.0,0.0,0.0,0.0,0.0,0.0,0.0,0.0,0.0,0.0,0.0,0.0,4.98112e-05,0.0,0.0,0.0,0.000205553536,0.0,0.0,0.0,0.0,0.0,0.0,0.0,0.0,0.0001219328
119.0,0.0,0.0,0.0,0.0,0.0,0.0,0.0,0.0,0.0,0.0,0.0,4.98112e-05,0.0,0.0,0.0,0.000205553536,0.0,0.0,0.0,0.0,0.0,0.0,0.0,0.0,0.0001219328
120.0,0.0,0.0,0.0,0.0,0.0,0.0,0.0,0.0,0.0,0.0,0.0,4.98112e-05,0.0,0.0,0.0,0.000205553536,0.0,0.0,0.0,0.0,0.0,0.0,0.0,0.0,0.0001219328
121.0,0.0,0.0,0.0,0.0,0.0,0.0,0.0,0.0,0.0,0.0,0.0,5.6426749999999996e-05,0.0,0.0,0.0,0.000232853615,0.0,0.0,0.0,0.0,0.0,0.0,0.0,0.0,0.000138127
122.0,0.0,0.0,0.0,0.0,0.0,0.0,0.0,0.0,0.0,0.0,0.0,5.6426749999999996e-05,0.0,0.0,0.0,0.000232853615,0.0,0.0,0.0,0.0,0.0,0.0,0.0,0.0,0.000138127
123.0,0.0,0.0,0.0,0.0,0.0,0.0,0.0,0.0,0.0,0.0,0.0,5.6426749999999996e-05,0.0,0.0,0.0,0.000232853615,0.0,0.0,0.0,0.0,0.0,0.0,0.0,0.0,0.000138127
124.0,0.0,0.0,0.0,0.0,0.0,0.0,0.0,0.0,0.0,0.0,0.0,5.6426749999999996e-05,0.0,0.0,0.0,0.000232853615,0.0,0.0,0.0,0.0,0.0,0.0,0.0,0.0,0.000138127
125.0,0.0,0.0,0.0,0.0,0.0,0.0,0.0,0.0,0.0,0.0,0.0,5.6426749999999996e-05,0.0,0.0,0.0,0.000232853615,0.0,0.0,0.0,0.0,0.0,0.0,0.0,0.0,0.000138127
126.0,0.0,0.0,0.0,0.0,0.0,0.0,0.0,0.0,0.0,0.0,0.0,5.6426749999999996e-05,0.0,0.0,0.0,0.000232853615,0.0,0.0,0.0,0.0,0.0,0.0,0.0,0.0,0.000138127
127.0,0.0,0.0,0.0,0.0,0.0,0.0,0.0,0.0,0.0,0.0,0.0,5.6426749999999996e-05,0.0,0.0,0.0,0.000232853615,0.0,0.0,0.0,0.0,0.0,0.0,0.0,0.0,0.000138127
128.0,0.0,0.0,0.0,0.0,0.0,0.0,0.0,0.0,0.0,0.0,0.0,5.6426749999999996e-05,0.0,0.0,0.0,0.000232853615,0.0,0.0,0.0,0.0,0.0,0.0,0.0,0.0,0.000138127
129.0,0.0,0.0,0.0,0.0,0.0,0.0,0.0,0.0,0.0,0.0,0.0,5.6426749999999996e-05,0.0,0.0,0.0,0.000232853615,0.0,0.0,0.0,0.0,0.0,0.0,0.0,0.0,0.000138127
130.0,0.0,0.0,0.0,0.0,0.0,0.0,0.0,0.0,0.0,0.0,0.0,5.6426749999999996e-05,0.0,0.0,0.0,0.000232853615,0.0,0.0,0.0,0.0,0.0,0.0,0.0,0.0,0.000138127
131.0,0.0,0.0,0.0,0.0,0.0,0.0,0.0,0.0,0.0,0.0,0.0,6.304230000000002e-05,0.0,0.0,0.0,0.00026015369400000005,0.0,0.0,0.0,0.0,0.0,0.0,0.0,0.0,0.00015432120000000003
132.0,0.0,0.0,0.0,0.0,0.0,0.0,0.0,0.0,0.0,0.0,0.0,6.304230000000002e-05,0.0,0.0,0.0,0.00026015369400000005,0.0,0.0,0.0,0.0,0.0,0.0,0.0,0.0,0.00015432120000000003
133.0,0.0,0.0,0.0,0.0,0.0,0.0,0.0,0.0,0.0,0.0,0.0,6.304230000000002e-05,0.0,0.0,0.0,0.00026015369400000005,0.0,0.0,0.0,0.0,0.0,0.0,0.0,0.0,0.00015432120000000003
134.0,0.0,0.0,0.0,0.0,0.0,0.0,0.0,0.0,0.0,0.0,0.0,6.304230000000002e-05,0.0,0.0,0.0,0.00026015369400000005,0.0,0.0,0.0,0.0,0.0,0.0,0.0,0.0,0.00015432120000000003
135.0,0.0,0.0,0.0,0.0,0.0,0.0,0.0,0.0,0.0,0.0,0.0,6.304230000000002e-05,0.0,0.0,0.0,0.00026015369400000005,0.0,0.0,0.0,0.0,0.0,0.0,0.0,0.0,0.00015432120000000003
136.0,0.0,0.0,0.0,0.0,0.0,0.0,0.0,0.0,0.0,0.0,0.0,6.304230000000002e-05,0.0,0.0,0.0,0.00026015369400000005,0.0,0.0,0.0,0.0,0.0,0.0,0.0,0.0,0.00015432120000000003
137.0,0.0,0.0,0.0,0.0,0.0,0.0,0.0,0.0,0.0,0.0,0.0,6.304230000000002e-05,0.0,0.0,0.0,0.00026015369400000005,0.0,0.0,0.0,0.0,0.0,0.0,0.0,0.0,0.00015432120000000003
138.0,0.0,0.0,0.0,0.0,0.0,0.0,0.0,0.0,0.0,0.0,0.0,6.304230000000002e-05,0.0,0.0,0.0,0.00026015369400000005,0.0,0.0,0.0,0.0,0.0,0.0,0.0,0.0,0.00015432120000000003
139.0,0.0,0.0,0.0,0.0,0.0,0.0,0.0,0.0,0.0,0.0,0.0,6.304230000000002e-05,0.0,0.0,0.0,0.00026015369400000005,0.0,0.0,0.0,0.0,0.0,0.0,0.0,0.0,0.00015432120000000003
140.0,0.0,0.020961348496200002,0.0,0.0,0.0,0.0,0.0,0.0,0.0,0.00019545360900000003,0.0,6.304230000000002e-05,0.0,0.0,0.0,0.00026015369400000005,0.0,0.0,0.0,0.0,0.0,0.0,0.0,0.0,0.00015432120000000003
141.0,0.0,0.0256194259398,0.0,0.0,0.0,0.0,0.0,0.0,0.0,0.00019545360900000003,0.0,7.70517e-05,0.0,0.0,0.0,0.000317965626,0.0,0.0,0.0,0.0,0.0,0.0,0.0,0.0,0.0001886148
142.0,0.0,0.0256194259398,0.0,0.0,0.0,0.0,0.0,0.0,0.0,0.00019545360900000003,0.0,7.70517e-05,0.0,0.0,0.0,0.000317965626,0.0,0.0,0.0,0.0,0.0,0.0,0.0,0.0,0.0001886148
143.0,0.0,0.0256194259398,0.0,0.0,0.0,0.0,0.0,0.0,0.0,0.00019545360900000003,0.0,7.70517e-05,0.0,0.0,0.0,0.000317965626,0.0,0.0,0.0,0.0,0.0,0.0,0.0,0.0,0.0001886148
144.0,0.0,0.0256194259398,0.0,0.0,0.0,0.0,0.0,0.0,0.0,0.00019545360900000003,0.0,7.70517e-05,0.0,0.0,0.0,0.000317965626,0.0,0.0,0.0,0.0,0.0,0.0,0.0,0.0,0.0001886148
145.0,0.0,0.0256194259398,0.0,0.0,0.0,0.0,0.0,0.0,0.0,0.00019545360900000003,0.0,7.70517e-05,0.0,0.0,0.0,0.000317965626,0.0,0.0,0.0,0.0,0.0,0.0,0.0,0.0,0.0001886148
146.0,0.0,0.0256194259398,0.0,0.0,0.0,0.0,0.0,0.0,0.0,0.00019545360900000003,0.0,7.70517e-05,0.0,0.0,0.0,0.000317965626,0.0,0.0,0.0,0.0,0.0,0.0,0.0,0.0,0.0001886148
147.0,0.0,0.0256194259398,0.0,0.0,0.0,0.0,0.0,0.0,0.0,0.00019545360900000003,0.0,7.70517e-05,0.0,0.0,0.0,0.000317965626,0.0,0.0,0.0,0.0,0.0,0.0,0.0,0.0,0.0001886148
148.0,0.0,0.0256194259398,0.0,0.0,0.0,0.0,0.0,0.0,0.0,0.00019545360900000003,0.0,7.70517e-05,0.0,0.0,0.0,0.000317965626,0.0,0.0,0.0,0.0,0.0,0.0,0.0,0.0,0.0001886148
149.0,0.0,0.0256194259398,0.0,0.0,0.0,0.0,0.0,0.0,0.0,0.00019545360900000003,0.0,7.70517e-05,0.0,0.0,0.0,0.000317965626,0.0,0.0,0.0,0.0,0.0,0.0,0.0,0.0,0.0001886148
150.0,0.0,0.0256194259398,0.0,0.00596038010925,0.0,0.0,0.0,0.0,0.0,0.0008770354250000001,0.0,7.70517e-05,0.0,0.0,0.004058619675300001,0.000317965626,0.0,0.0,0.0,0.0,0.0,0.0,0.0,0.0,0.0001886148
151.0,0.0,0.026007599060099997,0.0,0.00596038010925,0.0,0.0,0.0,0.0,0.0,0.0008770354250000001,0.0,7.821914999999999e-05,0.0,0.0,0.0,0.000322783287,0.0,0.0,0.0,0.0,0.0,0.0,0.0,0.0,0.00019147259999999997
152.0,0.0,0.026007599060099997,0.0,0.00596038010925,0.0,0.0,0.0,0.0,0.0,0.0008770354250000001,0.0,7.821914999999999e-05,0.0,0.0,0.0,0.000322783287,0.0,0.0,0.0,0.0,0.0,0.0,0.0,0.0,0.00019147259999999997
153.0,0.0,0.026007599060099997,0.0,0.00596038010925,0.0,0.0,0.0,0.0,0.0,0.0008770354250000001,0.0,7.821914999999999e-05,0.0,0.0,0.0,0.000322783287,0.0,0.0,0.0,0.0,0.0,0.0,0.0,0.0,0.00019147259999999997
154.0,0.0,0.026007599060099997,0.0,0.00596038010925,0.0,0.0,0.0,0.0,0.0,0.0008770354250000001,0.0,7.821914999999999e-05,0.0,0.0,0.0,0.000322783287,0.0,0.0,0.0,0.0,0.0,0.0,0.0,0.0,0.00019147259999999997
155.0,0.0,0.026007599060099997,0.0,0.00596038010925,0.0,0.0,0.0,0.0,0.0,0.0008770354250000001,0.0,7.821914999999999e-05,0.0,0.0,0.0,0.000322783287,0.0,0.0,0.0,0.0,0.0,0.0,0.0,0.0,0.00019147259999999997
156.0,0.0,0.026007599060099997,0.0,0.00596038010925,0.0,0.0,0.0,0.0,0.0,0.0008770354250000001,0.0,7.821914999999999e-05,0.0,0.0,0.0,0.000322783287,0.0,0.0,0.0,0.0,0.0,0.0,0.0,0.0,0.00019147259999999997
157.0,0.0,0.026007599060099997,0.0,0.00596038010925,0.0,0.0,0.0,0.0,0.0,0.0008770354250000001,0.0,7.821914999999999e-05,0.0,0.0,0.0,0.000322783287,0.0,0.0,0.0,0.0,0.0,0.0,0.0,0.0,0.00019147259999999997
158.0,0.0,0.026007599060099997,0.0,0.00596038010925,0.0,0.0,0.0,0.0,0.0,0.0008770354250000001,0.0,7.821914999999999e-05,0.0,0.0,0.0,0.000322783287,0.0,0.0,0.0,0.0,0.0,0.0,0.0,0.0,0.00019147259999999997
159.0,0.0,0.026007599060099997,0.0,0.00596038010925,0.0,0.0,0.0,0.0,0.0,0.0008770354250000001,0.0,7.821914999999999e-05,0.0,0.0,0.0,0.000322783287,0.0,0.0,0.0,0.0,0.0,0.0,0.0,0.0,0.00019147259999999997
160.0,0.0,0.026007599060099997,0.0,0.0,0.0,0.0,0.0,0.0,0.0,0.000962233152,0.0,7.821914999999999e-05,0.0,0.0,0.0,0.000322783287,0.0,0.0,0.0,0.0,0.0,0.0,0.0,0.0,0.00019147259999999997
161.0,0.0,0.0285954198621,0.0,0.00653938846272,0.0,0.0,0.0,0.0,0.0,0.000962233152,0.0,8.600215e-05,0.0,0.0,0.0045744634230000004,0.000354901027,0.0,0.0,0.0,0.0,0.0,0.0,0.0,0.0,0.00021052459999999998
162.0,0.0,0.0285954198621,0.0,0.00653938846272,0.0,0.0,0.0,0.0,0.0,0.000962233152,0.0,8.600215e-05,0.0,0.0,0.0045744634230000004,0.000354901027,0.0,0.0,0.0,0.0,0.0,0.0,0.0,0.0,0.00021052459999999998
163.0,0.0,0.0285954198621,0.0,0.00653938846272,0.0,0.0,0.0,0.0,0.0,0.000962233152,0.0,8.600215e-05,0.0,0.0,0.0045744634230000004,0.000354901027,0.0,0.0,0.0,0.0,0.0,0.0,0.0,0.0,0.00021052459999999998
164.0,0.0,0.0285954198621,0.0,0.00653938846272,0.0,0.0,0.0,0.0,0.0,0.000962233152,0.0,8.600215e-05,0.0,0.0,0.0045744634230000004,0.000354901027,0.0,0.0,0.0,0.0,0.0,0.0,0.0,0.0,0.00021052459999999998
165.0,0.0,0.0285954198621,0.0,0.00653938846272,0.0,0.0,0.0,0.0,0.0,0.000962233152,0.0,8.600215e-05,0.0,0.0,0.0045744634230000004,0.000354901027,0.0,0.0,0.0,0.0,0.0,0.0,0.0,0.0,0.00021052459999999998
166.0,0.0,0.0285954198621,0.0,0.00653938846272,0.0,0.0,0.0,0.0,0.0,0.000962233152,0.0,8.600215e-05,0.0,0.0,0.0045744634230000004,0.000354901027,0.0,0.0,0.0,0.0,0.0,0.0,0.0,0.0,0.00021052459999999998
167.0,0.0,0.0285954198621,0.0,0.00653938846272,0.0,0.0,0.0,0.0,0.0,0.000962233152,0.0,8.600215e-05,0.0,0.0,0.0045744634230000004,0.000354901027,0.0,0.0,0.0,0.0,0.0,0.0,0.0,0.0,0.00021052459999999998
168.0,0.0,0.0285954198621,0.0,0.00653938846272,0.0,0.0,0.0,0.0,0.0,0.000962233152,0.0,8.600215e-05,0.0,0.0,0.0045744634230000004,0.000354901027,0.0,0.0,0.0,0.0,0.0,0.0,0.0,0.0,0.00021052459999999998
169.0,0.0,0.0285954198621,0.0,0.00653938846272,0.0,0.0,0.0,0.0,0.0,0.000962233152,0.0,8.600215e-05,0.0,0.0,0.0045744634230000004,0.000354901027,0.0,0.0,0.0,0.0,0.0,0.0,0.0,0.0,0.00021052459999999998
170.0,0.0,0.0285954198621,0.0,0.0,0.0,0.0,0.0,0.0,0.0,0.000957221521,0.0,8.600215e-05,0.0,0.0,0.0045744634230000004,0.000354901027,0.0,0.0,0.0,0.0,0.0,0.0,0.0,0.0,0.00021052459999999998
171.0,0.0,0.0285954198621,0.0,0.0,0.0,0.0,0.0,0.0,0.0,0.000957221521,0.0,8.600215e-05,0.0,0.0,0.004584196323900001,0.000354901027,0.0,0.0,0.0,0.0,0.0,0.0,0.0,0.0,0.00021052459999999998
172.0,0.0,0.0285954198621,0.0,0.0,0.0,0.0,0.0,0.0,0.0,0.000957221521,0.0,8.600215e-05,0.0,0.0,0.004584196323900001,0.000354901027,0.0,0.0,0.0,0.0,0.0,0.0,0.0,0.0,0.00021052459999999998
173.0,0.0,0.0285954198621,0.0,0.0,0.0,0.0,0.0,0.0,0.0,0.000957221521,0.0,8.600215e-05,0.0,0.0,0.004584196323900001,0.000354901027,0.0,0.0,0.0,0.0,0.0,0.0,0.0,0.0,0.00021052459999999998
174.0,0.0,0.0285954198621,0.0,0.0,0.0,0.0,0.0,0.0,0.0,0.000957221521,0.0,8.600215e-05,0.0,0.0,0.004584196323900001,0.000354901027,0.0,0.0,0.0,0.0,0.0,0.0,0.0,0.0,0.00021052459999999998
175.0,0.0,0.0285954198621,0.0,0.0,0.0,0.0,0.0,0.0,0.0,0.000957221521,0.0,8.600215e-05,0.0,0.0,0.004584196323900001,0.000354901027,0.0,0.0,0.0,0.0,0.0,0.0,0.0,0.0,0.00021052459999999998
176.0,0.0,0.0285954198621,0.0,0.0,0.0,0.0,0.0,0.0,0.0,0.000957221521,0.0,8.600215e-05,0.0,0.0,0.004584196323900001,0.000354901027,0.0,0.0,0.0,0.0,0.0,0.0,0.0,0.0,0.00021052459999999998
177.0,0.0,0.0285954198621,0.0,0.0,0.0,0.0,0.0,0.0,0.0,0.000957221521,0.0,8.600215e-05,0.0,0.0,0.004584196323900001,0.000354901027,0.0,0.0,0.0,0.0,0.0,0.0,0.0,0.0,0.00021052459999999998
178.0,0.0,0.0285954198621,0.0,0.0,0.0,0.0,0.0,0.0,0.0,0.000957221521,0.0,8.600215e-05,0.0,0.0,0.004584196323900001,0.000354901027,0.0,0.0,0.0,0.0,0.0,0.0,0.0,0.0,0.00021052459999999998
179.0,0.0,0.0285954198621,0.0,0.0,0.0,0.0,0.0,0.0,0.0,0.000957221521,0.0,8.600215e-05,0.0,0.0,0.004584196323900001,0.000354901027,0.0,0.0,0.0,0.0,0.0,0.0,0.0,0.0,0.00021052459999999998
180.0,0.0,0.0285954198621,0.0,0.00231603341388,0.0,0.0,0.0,0.0,0.0,0.000340790908,0.0,8.600215e-05,0.0,0.0,0.0,0.000354901027,0.0,0.0,0.0,0.0,0.0,0.0,0.0,0.0,0.00021052459999999998
181.0,0.0,0.0125509308897,0.0,0.0,0.0,0.0,0.0,0.0,0.0,0.000340790908,0.0,3.774755e-05,0.0,0.0,0.0,0.000155771039,0.0,0.0,0.0,0.0,0.0,0.0,0.0,0.0,9.24022e-05
182.0,0.0,0.0125509308897,0.0,0.0,0.0,0.0,0.0,0.0,0.0,0.000340790908,0.0,3.774755e-05,0.0,0.0,0.0,0.000155771039,0.0,0.0,0.0,0.0,0.0,0.0,0.0,0.0,9.24022e-05
183.0,0.0,0.0125509308897,0.0,0.0,0.0,0.0,0.0,0.0,0.0,0.000340790908,0.0,3.774755e-05,0.0,0.0,0.0,0.000155771039,0.0,0.0,0.0,0.0,0.0,0.0,0.0,0.0,9.24022e-05
184.0,0.0,0.0125509308897,0.0,0.0,0.0,0.0,0.0,0.0,0.0,0.000340790908,0.0,3.774755e-05,0.0,0.0,0.0,0.000155771039,0.0,0.0,0.0,0.0,0.0,0.0,0.0,0.0,9.24022e-05
185.0,0.0,0.0125509308897,0.0,0.0,0.0,0.0,0.0,0.0,0.0,0.000340790908,0.0,3.774755e-05,0.0,0.0,0.0,0.000155771039,0.0,0.0,0.0,0.0,0.0,0.0,0.0,0.0,9.24022e-05
186.0,0.0,0.0125509308897,0.0,0.0,0.0,0.0,0.0,0.0,0.0,0.000340790908,0.0,3.774755e-05,0.0,0.0,0.0,0.000155771039,0.0,0.0,0.0,0.0,0.0,0.0,0.0,0.0,9.24022e-05
187.0,0.0,0.0125509308897,0.0,0.0,0.0,0.0,0.0,0.0,0.0,0.000340790908,0.0,3.774755e-05,0.0,0.0,0.0,0.000155771039,0.0,0.0,0.0,0.0,0.0,0.0,0.0,0.0,9.24022e-05
188.0,0.0,0.0125509308897,0.0,0.0,0.0,0.0,0.0,0.0,0.0,0.000340790908,0.0,3.774755e-05,0.0,0.0,0.0,0.000155771039,0.0,0.0,0.0,0.0,0.0,0.0,0.0,0.0,9.24022e-05
189.0,0.0,0.0125509308897,0.0,0.0,0.0,0.0,0.0,0.0,0.0,0.000340790908,0.0,3.774755e-05,0.0,0.0,0.0,0.000155771039,0.0,0.0,0.0,0.0,0.0,0.0,0.0,0.0,9.24022e-05
190.0,0.0,0.0125509308897,0.0,0.0,0.0,0.0,0.0,0.0,0.0,4.0093048e-05,0.0,3.774755e-05,0.0,0.0,0.0,0.000155771039,0.0,0.0,0.0,0.0,0.0,0.0,0.0,0.0,9.24022e-05
191.0,0.0,0.005175641604000001,0.0,0.00027247451928,0.0,0.0,0.0,0.0,0.0,4.0093048e-05,0.0,1.5566000000000003e-05,0.0,0.0,0.0,6.423548000000002e-05,0.0,0.0,0.0,0.0,0.0,0.0,0.0,0.0,3.8104000000000007e-05
192.0,0.0,0.005175641604000001,0.0,0.00027247451928,0.0,0.0,0.0,0.0,0.0,4.0093048e-05,0.0,1.5566000000000003e-05,0.0,0.0,0.0,6.423548000000002e-05,0.0,0.0,0.0,0.0,0.0,0.0,0.0,0.0,3.8104000000000007e-05
193.0,0.0,0.005175641604000001,0.0,0.00027247451928,0.0,0.0,0.0,0.0,0.0,4.0093048e-05,0.0,1.5566000000000003e-05,0.0,0.0,0.0,6.423548000000002e-05,0.0,0.0,0.0,0.0,0.0,0.0,0.0,0.0,3.8104000000000007e-05
194.0,0.0,0.005175641604000001,0.0,0.00027247451928,0.0,0.0,0.0,0.0,0.0,4.0093048e-05,0.0,1.5566000000000003e-05,0.0,0.0,0.0,6.423548000000002e-05,0.0,0.0,0.0,0.0,0.0,0.0,0.0,0.0,3.8104000000000007e-05
195.0,0.0,0.005175641604000001,0.0,0.00027247451928,0.0,0.0,0.0,0.0,0.0,4.0093048e-05,0.0,1.5566000000000003e-05,0.0,0.0,0.0,6.423548000000002e-05,0.0,0.0,0.0,0.0,0.0,0.0,0.0,0.0,3.8104000000000007e-05
196.0,0.0,0.005175641604000001,0.0,0.00027247451928,0.0,0.0,0.0,0.0,0.0,4.0093048e-05,0.0,1.5566000000000003e-05,0.0,0.0,0.0,6.423548000000002e-05,0.0,0.0,0.0,0.0,0.0,0.0,0.0,0.0,3.8104000000000007e-05
197.0,0.0,0.005175641604000001,0.0,0.00027247451928,0.0,0.0,0.0,0.0,0.0,4.0093048e-05,0.0,1.5566000000000003e-05,0.0,0.0,0.0,6.423548000000002e-05,0.0,0.0,0.0,0.0,0.0,0.0,0.0,0.0,3.8104000000000007e-05
198.0,0.0,0.005175641604000001,0.0,0.00027247451928,0.0,0.0,0.0,0.0,0.0,4.0093048e-05,0.0,1.5566000000000003e-05,0.0,0.0,0.0,6.423548000000002e-05,0.0,0.0,0.0,0.0,0.0,0.0,0.0,0.0,3.8104000000000007e-05
199.0,0.0,0.005175641604000001,0.0,0.00027247451928,0.0,0.0,0.0,0.0,0.0,4.0093048e-05,0.0,1.5566000000000003e-05,0.0,0.0,0.0,6.423548000000002e-05,0.0,0.0,0.0,0.0,0.0,0.0,0.0,0.0,3.8104000000000007e-05
200.0,0.0,0.005175641604000001,0.0,0.0036443466953700004,0.0,0.0,0.0,0.0,0.0,0.0005362445170000001,0.0,1.5566000000000003e-05,0.0,0.0,0.0,6.423548000000002e-05,0.0,0.0,0.0,0.0,0.0,0.0,0.0,0.0,3.8104000000000007e-05
201.0,0.0,0.019796829135300002,0.0,0.0036443466953700004,0.0,0.0,0.0,0.0,0.0,0.0005362445170000001,0.0,5.953995000000001e-05,0.0,0.0,0.0,0.00024570071100000004,0.0,0.0,0.0,0.0,0.0,0.0,0.0,0.0,0.00014574780000000003
202.0,0.0,0.019796829135300002,0.0,0.0036443466953700004,0.0,0.0,0.0,0.0,0.0,0.0005362445170000001,0.0,5.953995000000001e-05,0.0,0.0,0.0,0.00024570071100000004,0.0,0.0,0.0,0.0,0.0,0.0,0.0,0.0,0.00014574780000000003
203.0,0.0,0.019796829135300002,0.0,0.0036443466953700004,0.0,0.0,0.0,0.0,0.0,0.0005362445170000001,0.0,5.953995000000001e-05,0.0,0.0,0.0,0.00024570071100000004,0.0,0.0,0.0,0.0,0.0,0.0,0.0,0.0,0.00014574780000000003
204.0,0.0,0.019796829135300002,0.0,0.0036443466953700004,0.0,0.0,0.0,0.0,0.0,0.0005362445170000001,0.0,5.953995000000001e-05,0.0,0.0,0.0,0.00024570071100000004,0.0,0.0,0.0,0.0,0.0,0.0,0.0,0.0,0.00014574780000000003
205.0,0.0,0.019796829135300002,0.0,0.0036443466953700004,0.0,0.0,0.0,0.0,0.0,0.0005362445170000001,0.0,5.953995000000001e-05,0.0,0.0,0.0,0.00024570071100000004,0.0,0.0,0.0,0.0,0.0,0.0,0.0,0.0,0.00014574780000000003
206.0,0.0,0.019796829135300002,0.0,0.0036443466953700004,0.0,0.0,0.0,0.0,0.0,0.0005362445170000001,0.0,5.953995000000001e-05,0.0,0.0,0.0,0.00024570071100000004,0.0,0.0,0.0,0.0,0.0,0.0,0.0,0.0,0.00014574780000000003
207.0,0.0,0.019796829135300002,0.0,0.0036443466953700004,0.0,0.0,0.0,0.0,0.0,0.0005362445170000001,0.0,5.953995000000001e-05,0.0,0.0,0.0,0.00024570071100000004,0.0,0.0,0.0,0.0,0.0,0.0,0.0,0.0,0.00014574780000000003
208.0,0.0,0.019796829135300002,0.0,0.0036443466953700004,0.0,0.0,0.0,0.0,0.0,0.0005362445170000001,0.0,5.953995000000001e-05,0.0,0.0,0.0,0.00024570071100000004,0.0,0.0,0.0,0.0,0.0,0.0,0.0,0.0,0.00014574780000000003
209.0,0.0,0.019796829135300002,0.0,0.0036443466953700004,0.0,0.0,0.0,0.0,0.0,0.0005362445170000001,0.0,5.953995000000001e-05,0.0,0.0,0.0,0.00024570071100000004,0.0,0.0,0.0,0.0,0.0,0.0,0.0,0.0,0.00014574780000000003
210.0,0.0,0.019796829135300002,0.0,0.0,0.0,0.0,0.0,0.0,0.0,0.0012178263330000002,0.0,5.953995000000001e-05,0.0,0.0,0.0,0.00024570071100000004,0.0,0.0,0.0,0.0,0.0,0.0,0.0,0.0,0.00014574780000000003
211.0,0.0,0.0344180166666,0.0,0.0,0.0,0.0,0.0,0.0,0.0,0.0012178263330000002,0.0,0.0001035139,0.0,0.0,0.0,0.00042716594200000005,0.0,0.0,0.0,0.0,0.0,0.0,0.0,0.0,0.0002533916
212.0,0.0,0.0344180166666,0.0,0.0,0.0,0.0,0.0,0.0,0.0,0.0012178263330000002,0.0,0.0001035139,0.0,0.0,0.0,0.00042716594200000005,0.0,0.0,0.0,0.0,0.0,0.0,0.0,0.0,0.0002533916
213.0,0.0,0.0344180166666,0.0,0.0,0.0,0.0,0.0,0.0,0.0,0.0012178263330000002,0.0,0.0001035139,0.0,0.0,0.0,0.00042716594200000005,0.0,0.0,0.0,0.0,0.0,0.0,0.0,0.0,0.0002533916
214.0,0.0,0.0344180166666,0.0,0.0,0.0,0.0,0.0,0.0,0.0,0.0012178263330000002,0.0,0.0001035139,0.0,0.0,0.0,0.00042716594200000005,0.0,0.0,0.0,0.0,0.0,0.0,0.0,0.0,0.0002533916
215.0,0.0,0.0344180166666,0.0,0.0,0.0,0.0,0.0,0.0,0.0,0.0012178263330000002,0.0,0.0001035139,0.0,0.0,0.0,0.00042716594200000005,0.0,0.0,0.0,0.0,0.0,0.0,0.0,0.0,0.0002533916
216.0,0.0,0.0344180166666,0.0,0.0,0.0,0.0,0.0,0.0,0.0,0.0012178263330000002,0.0,0.0001035139,0.0,0.0,0.0,0.00042716594200000005,0.0,0.0,0.0,0.0,0.0,0.0,0.0,0.0,0.0002533916
217.0,0.0,0.0344180166666,0.0,0.0,0.0,0.0,0.0,0.0,0.0,0.0012178263330000002,0.0,0.0001035139,0.0,0.0,0.0,0.00042716594200000005,0.0,0.0,0.0,0.0,0.0,0.0,0.0,0.0,0.0002533916
218.0,0.0,0.0344180166666,0.0,0.0,0.0,0.0,0.0,0.0,0.0,0.0012178263330000002,0.0,0.0001035139,0.0,0.0,0.0,0.00042716594200000005,0.0,0.0,0.0,0.0,0.0,0.0,0.0,0.0,0.0002533916
219.0,0.0,0.0344180166666,0.0,0.0,0.0,0.0,0.0,0.0,0.0,0.0012178263330000002,0.0,0.0001035139,0.0,0.0,0.0,0.00042716594200000005,0.0,0.0,0.0,0.0,0.0,0.0,0.0,0.0,0.0002533916
220.0,0.0,0.0344180166666,0.0,0.009400370915159998,0.0,0.0,0.0,0.0,0.0,0.0013832101559999998,0.0,0.0001035139,0.0,0.0,0.0,0.00042716594200000005,0.0,0.0,0.0,0.0,0.0,0.0,0.0,0.0,0.0002533916
221.0,0.0,0.036100100187900004,0.0,0.009400370915159998,0.0,0.0,0.0,0.0,0.0,0.0013832101559999998,0.0,0.00010857285000000001,0.0,0.0,0.0,0.00044804247300000007,0.0,0.0,0.0,0.0,0.0,0.0,0.0,0.0,0.0002657754
222.0,0.0,0.036100100187900004,0.0,0.009400370915159998,0.0,0.0,0.0,0.0,0.0,0.0013832101559999998,0.0,0.00010857285000000001,0.0,0.0,0.0,0.00044804247300000007,0.0,0.0,0.0,0.0,0.0,0.0,0.0,0.0,0.0002657754
223.0,0.0,0.036100100187900004,0.0,0.009400370915159998,0.0,0.0,0.0,0.0,0.0,0.0013832101559999998,0.0,0.00010857285000000001,0.0,0.0,0.0,0.00044804247300000007,0.0,0.0,0.0,0.0,0.0,0.0,0.0,0.0,0.0002657754
224.0,0.0,0.036100100187900004,0.0,0.009400370915159998,0.0,0.0,0.0,0.0,0.0,0.0013832101559999998,0.0,0.00010857285000000001,0.0,0.0,0.0,0.00044804247300000007,0.0,0.0,0.0,0.0,0.0,0.0,0.0,0.0,0.0002657754
225.0,0.0,0.036100100187900004,0.0,0.009400370915159998,0.0,0.0,0.0,0.0,0.0,0.0013832101559999998,0.0,0.00010857285000000001,0.0,0.0,0.0,0.00044804247300000007,0.0,0.0,0.0,0.0,0.0,0.0,0.0,0.0,0.0002657754
226.0,0.0,0.036100100187900004,0.0,0.009400370915159998,0.0,0.0,0.0,0.0,0.0,0.0013832101559999998,0.0,0.00010857285000000001,0.0,0.0,0.0,0.00044804247300000007,0.0,0.0,0.0,0.0,0.0,0.0,0.0,0.0,0.0002657754
227.0,0.0,0.036100100187900004,0.0,0.009400370915159998,0.0,0.0,0.0,0.0,0.0,0.0013832101559999998,0.0,0.00010857285000000001,0.0,0.0,0.0,0.00044804247300000007,0.0,0.0,0.0,0.0,0.0,0.0,0.0,0.0,0.0002657754
228.0,0.0,0.036100100187900004,0.0,0.009400370915159998,0.0,0.0,0.0,0.0,0.0,0.0013832101559999998,0.0,0.00010857285000000001,0.0,0.0,0.0,0.00044804247300000007,0.0,0.0,0.0,0.0,0.0,0.0,0.0,0.0,0.0002657754
229.0,0.0,0.036100100187900004,0.0,0.009400370915159998,0.0,0.0,0.0,0.0,0.0,0.0013832101559999998,0.0,0.00010857285000000001,0.0,0.0,0.0,0.00044804247300000007,0.0,0.0,0.0,0.0,0.0,0.0,0.0,0.0,0.0002657754
230.0,0.0,0.036100100187900004,0.0,0.0,0.0,0.0,0.0,0.0,0.0,0.0014333264659999998,0.0,0.00010857285000000001,0.0,0.0,0.0,0.00044804247300000007,0.0,0.0,0.0,0.0,0.0,0.0,0.0,0.0,0.0002657754
231.0,0.0,0.0346767987468,0.0,0.0,0.0,0.0,0.0,0.0,0.0,0.0014333264659999998,0.0,0.00010429220000000001,0.0,0.0,0.0049929781617,0.00043037771600000003,0.0,0.0,0.0,0.0,0.0,0.0,0.0,0.0,0.0002552968
232.0,0.0,0.0346767987468,0.0,0.0,0.0,0.0,0.0,0.0,0.0,0.0014333264659999998,0.0,0.00010429220000000001,0.0,0.0,0.0049929781617,0.00043037771600000003,0.0,0.0,0.0,0.0,0.0,0.0,0.0,0.0,0.0002552968
233.0,0.0,0.0346767987468,0.0,0.0,0.0,0.0,0.0,0.0,0.0,0.0014333264659999998,0.0,0.00010429220000000001,0.0,0.0,0.0049929781617,0.00043037771600000003,0.0,0.0,0.0,0.0,0.0,0.0,0.0,0.0,0.0002552968
234.0,0.0,0.0346767987468,0.0,0.0,0.0,0.0,0.0,0.0,0.0,0.0014333264659999998,0.0,0.00010429220000000001,0.0,0.0,0.0049929781617,0.00043037771600000003,0.0,0.0,0.0,0.0,0.0,0.0,0.0,0.0,0.0002552968
235.0,0.0,0.0346767987468,0.0,0.0,0.0,0.0,0.0,0.0,0.0,0.0014333264659999998,0.0,0.00010429220000000001,0.0,0.0,0.0049929781617,0.00043037771600000003,0.0,0.0,0.0,0.0,0.0,0.0,0.0,0.0,0.0002552968
236.0,0.0,0.0346767987468,0.0,0.0,0.0,0.0,0.0,0.0,0.0,0.0014333264659999998,0.0,0.00010429220000000001,0.0,0.0,0.0049929781617,0.00043037771600000003,0.0,0.0,0.0,0.0,0.0,0.0,0.0,0.0,0.0002552968
237.0,0.0,0.0346767987468,0.0,0.0,0.0,0.0,0.0,0.0,0.0,0.0014333264659999998,0.0,0.00010429220000000001,0.0,0.0,0.0049929781617,0.00043037771600000003,0.0,0.0,0.0,0.0,0.0,0.0,0.0,0.0,0.0002552968
238.0,0.0,0.0346767987468,0.0,0.0,0.0,0.0,0.0,0.0,0.0,0.0014333264659999998,0.0,0.00010429220000000001,0.0,0.0,0.0049929781617,0.00043037771600000003,0.0,0.0,0.0,0.0,0.0,0.0,0.0,0.0,0.0002552968
239.0,0.0,0.0346767987468,0.0,0.0,0.0,0.0,0.0,0.0,0.0,0.0014333264659999998,0.0,0.00010429220000000001,0.0,0.0,0.0049929781617,0.00043037771600000003,0.0,0.0,0.0,0.0,0.0,0.0,0.0,0.0,0.0002552968
240.0,0.0,0.0346767987468,0.0,0.0,0.0,0.0,0.0,0.0,0.0,0.000646500399,0.0,0.00010429220000000001,0.0,0.0,0.0,0.00043037771600000003,0.0,0.0,0.0,0.0,0.0,0.0,0.0,0.0,0.0002552968
241.0,0.0,0.0128097129699,0.0,0.0,0.0,0.0,0.0,0.0,0.0,0.000646500399,0.0,3.852585e-05,0.0,0.0,0.0,0.000158982813,0.0,0.0,0.0,0.0,0.0,0.0,0.0,0.0,9.43074e-05
242.0,0.0,0.0128097129699,0.0,0.0,0.0,0.0,0.0,0.0,0.0,0.000646500399,0.0,3.852585e-05,0.0,0.0,0.0,0.000158982813,0.0,0.0,0.0,0.0,0.0,0.0,0.0,0.0,9.43074e-05
243.0,0.0,0.0128097129699,0.0,0.0,0.0,0.0,0.0,0.0,0.0,0.000646500399,0.0,3.852585e-05,0.0,0.0,0.0,0.000158982813,0.0,0.0,0.0,0.0,0.0,0.0,0.0,0.0,9.43074e-05
244.0,0.0,0.0128097129699,0.0,0.0,0.0,0.0,0.0,0.0,0.0,0.000646500399,0.0,3.852585e-05,0.0,0.0,0.0,0.000158982813,0.0,0.0,0.0,0.0,0.0,0.0,0.0,0.0,9.43074e-05
245.0,0.0,0.0128097129699,0.0,0.0,0.0,0.0,0.0,0.0,0.0,0.000646500399,0.0,3.852585e-05,0.0,0.0,0.0,0.000158982813,0.0,0.0,0.0,0.0,0.0,0.0,0.0,0.0,9.43074e-05
246.0,0.0,0.0128097129699,0.0,0.0,0.0,0.0,0.0,0.0,0.0,0.000646500399,0.0,3.852585e-05,0.0,0.0,0.0,0.000158982813,0.0,0.0,0.0,0.0,0.0,0.0,0.0,0.0,9.43074e-05
247.0,0.0,0.0128097129699,0.0,0.0,0.0,0.0,0.0,0.0,0.0,0.000646500399,0.0,3.852585e-05,0.0,0.0,0.0,0.000158982813,0.0,0.0,0.0,0.0,0.0,0.0,0.0,0.0,9.43074e-05
248.0,0.0,0.0128097129699,0.0,0.0,0.0,0.0,0.0,0.0,0.0,0.000646500399,0.0,3.852585e-05,0.0,0.0,0.0,0.000158982813,0.0,0.0,0.0,0.0,0.0,0.0,0.0,0.0,9.43074e-05
249.0,0.0,0.0128097129699,0.0,0.0,0.0,0.0,0.0,0.0,0.0,0.000646500399,0.0,3.852585e-05,0.0,0.0,0.0,0.000158982813,0.0,0.0,0.0,0.0,0.0,0.0,0.0,0.0,9.43074e-05
250.0,0.0,0.0128097129699,0.0,0.00180514369023,0.0,0.0,0.0,0.0,0.0,0.000265616443,0.0,3.852585e-05,0.0,0.0,0.0025986845403000005,0.000158982813,0.0,0.0,0.0,0.0,0.0,0.0,0.0,0.0,9.43074e-05
251.0,0.0,0.0018114745614000003,0.0,0.0,0.0,0.0,0.0,0.0,0.0,0.000265616443,0.0,5.4481e-06,0.0,0.0,0.0,2.2482418000000003e-05,0.0,0.0,0.0,0.0,0.0,0.0,0.0,0.0,1.3336400000000002e-05
252.0,0.0,0.0018114745614000003,0.0,0.0,0.0,0.0,0.0,0.0,0.0,0.000265616443,0.0,5.4481e-06,0.0,0.0,0.0,2.2482418000000003e-05,0.0,0.0,0.0,0.0,0.0,0.0,0.0,0.0,1.3336400000000002e-05
253.0,0.0,0.0018114745614000003,0.0,0.0,0.0,0.0,0.0,0.0,0.0,0.000265616443,0.0,5.4481e-06,0.0,0.0,0.0,2.2482418000000003e-05,0.0,0.0,0.0,0.0,0.0,0.0,0.0,0.0,1.3336400000000002e-05
254.0,0.0,0.0018114745614000003,0.0,0.0,0.0,0.0,0.0,0.0,0.0,0.000265616443,0.0,5.4481e-06,0.0,0.0,0.0,2.2482418000000003e-05,0.0,0.0,0.0,0.0,0.0,0.0,0.0,0.0,1.3336400000000002e-05
255.0,0.0,0.0018114745614000003,0.0,0.0,0.0,0.0,0.0,0.0,0.0,0.000265616443,0.0,5.4481e-06,0.0,0.0,0.0,2.2482418000000003e-05,0.0,0.0,0.0,0.0,0.0,0.0,0.0,0.0,1.3336400000000002e-05
256.0,0.0,0.0018114745614000003,0.0,0.0,0.0,0.0,0.0,0.0,0.0,0.000265616443,0.0,5.4481e-06,0.0,0.0,0.0,2.2482418000000003e-05,0.0,0.0,0.0,0.0,0.0,0.0,0.0,0.0,1.3336400000000002e-05
257.0,0.0,0.0018114745614000003,0.0,0.0,0.0,0.0,0.0,0.0,0.0,0.000265616443,0.0,5.4481e-06,0.0,0.0,0.0,2.2482418000000003e-05,0.0,0.0,0.0,0.0,0.0,0.0,0.0,0.0,1.3336400000000002e-05
258.0,0.0,0.0018114745614000003,0.0,0.0,0.0,0.0,0.0,0.0,0.0,0.000265616443,0.0,5.4481e-06,0.0,0.0,0.0,2.2482418000000003e-05,0.0,0.0,0.0,0.0,0.0,0.0,0.0,0.0,1.3336400000000002e-05
259.0,0.0,0.0018114745614000003,0.0,0.0,0.0,0.0,0.0,0.0,0.0,0.000265616443,0.0,5.4481e-06,0.0,0.0,0.0,2.2482418000000003e-05,0.0,0.0,0.0,0.0,0.0,0.0,0.0,0.0,1.3336400000000002e-05
260.0,0.0,0.0018114745614000003,0.0,0.0026225672480700004,0.0,0.0,0.0,0.0,0.0,0.00038589558700000007,0.0,5.4481e-06,0.0,0.0,0.0,2.2482418000000003e-05,0.0,0.0,0.0,0.0,0.0,0.0,0.0,0.0,1.3336400000000002e-05
261.0,0.0,0.0037523401628999998,0.0,0.0,0.0,0.0,0.0,0.0,0.0,0.0,0.0,1.1285349999999999e-05,0.0,0.0,0.0,4.6570723e-05,0.0,0.0,0.0,0.0,0.0,0.0,0.0,0.0,2.7625399999999998e-05
262.0,0.0,0.0037523401628999998,0.0,0.0,0.0,0.0,0.0,0.0,0.0,0.0,0.0,1.1285349999999999e-05,0.0,0.0,0.0,4.6570723e-05,0.0,0.0,0.0,0.0,0.0,0.0,0.0,0.0,2.7625399999999998e-05
263.0,0.0,0.0037523401628999998,0.0,0.0,0.0,0.0,0.0,0.0,0.0,0.0,0.0,1.1285349999999999e-05,0.0,0.0,0.0,4.6570723e-05,0.0,0.0,0.0,0.0,0.0,0.0,0.0,0.0,2.7625399999999998e-05
264.0,0.0,0.0037523401628999998,0.0,0.0,0.0,0.0,0.0,0.0,0.0,0.0,0.0,1.1285349999999999e-05,0.0,0.0,0.0,4.6570723e-05,0.0,0.0,0.0,0.0,0.0,0.0,0.0,0.0,2.7625399999999998e-05
265.0,0.0,0.0037523401628999998,0.0,0.0,0.0,0.0,0.0,0.0,0.0,0.0,0.0,1.1285349999999999e-05,0.0,0.0,0.0,4.6570723e-05,0.0,0.0,0.0,0.0,0.0,0.0,0.0,0.0,2.7625399999999998e-05
266.0,0.0,0.0037523401628999998,0.0,0.0,0.0,0.0,0.0,0.0,0.0,0.0,0.0,1.1285349999999999e-05,0.0,0.0,0.0,4.6570723e-05,0.0,0.0,0.0,0.0,0.0,0.0,0.0,0.0,2.7625399999999998e-05
267.0,0.0,0.0037523401628999998,0.0,0.0,0.0,0.0,0.0,0.0,0.0,0.0,0.0,1.1285349999999999e-05,0.0,0.0,0.0,4.6570723e-05,0.0,0.0,0.0,0.0,0.0,0.0,0.0,0.0,2.7625399999999998e-05
268.0,0.0,0.0037523401628999998,0.0,0.0,0.0,0.0,0.0,0.0,0.0,0.0,0.0,1.1285349999999999e-05,0.0,0.0,0.0,4.6570723e-05,0.0,0.0,0.0,0.0,0.0,0.0,0.0,0.0,2.7625399999999998e-05
269.0,0.0,0.0037523401628999998,0.0,0.0,0.0,0.0,0.0,0.0,0.0,0.0,0.0,1.1285349999999999e-05,0.0,0.0,0.0,4.6570723e-05,0.0,0.0,0.0,0.0,0.0,0.0,0.0,0.0,2.7625399999999998e-05
270.0,0.0,0.0037523401628999998,0.0,0.0,0.0,0.0,0.0,0.0,0.0,0.0,0.0,1.1285349999999999e-05,0.0,0.0,0.0,4.6570723e-05,0.0,0.0,0.0,0.0,0.0,0.0,0.0,0.0,2.7625399999999998e-05
271.0,0.0,0.009186763847099998,0.0,0.0,0.0,0.0,0.0,0.0,0.0,0.0,0.0,2.7629649999999997e-05,0.0,0.0,0.0,0.00011401797699999999,0.0,0.0,0.0,0.0,0.0,0.0,0.0,0.0,6.763459999999998e-05
272.0,0.0,0.009186763847099998,0.0,0.0,0.0,0.0,0.0,0.0,0.0,0.0,0.0,2.7629649999999997e-05,0.0,0.0,0.0,0.00011401797699999999,0.0,0.0,0.0,0.0,0.0,0.0,0.0,0.0,6.763459999999998e-05
273.0,0.0,0.009186763847099998,0.0,0.0,0.0,0.0,0.0,0.0,0.0,0.0,0.0,2.7629649999999997e-05,0.0,0.0,0.0,0.00011401797699999999,0.0,0.0,0.0,0.0,0.0,0.0,0.0,0.0,6.763459999999998e-05
274.0,0.0,0.009186763847099998,0.0,0.0,0.0,0.0,0.0,0.0,0.0,0.0,0.0,2.7629649999999997e-05,0.0,0.0,0.0,0.00011401797699999999,0.0,0.0,0.0,0.0,0.0,0.0,0.0,0.0,6.763459999999998e-05
275.0,0.0,0.009186763847099998,0.0,0.0,0.0,0.0,0.0,0.0,0.0,0.0,0.0,2.7629649999999997e-05,0.0,0.0,0.0,0.00011401797699999999,0.0,0.0,0.0,0.0,0.0,0.0,0.0,0.0,6.763459999999998e-05
276.0,0.0,0.009186763847099998,0.0,0.0,0.0,0.0,0.0,0.0,0.0,0.0,0.0,2.7629649999999997e-05,0.0,0.0,0.0,0.00011401797699999999,0.0,0.0,0.0,0.0,0.0,0.0,0.0,0.0,6.763459999999998e-05
277.0,0.0,0.009186763847099998,0.0,0.0,0.0,0.0,0.0,0.0,0.0,0.0,0.0,2.7629649999999997e-05,0.0,0.0,0.0,0.00011401797699999999,0.0,0.0,0.0,0.0,0.0,0.0,0.0,0.0,6.763459999999998e-05
278.0,0.0,0.009186763847099998,0.0,0.0,0.0,0.0,0.0,0.0,0.0,0.0,0.0,2.7629649999999997e-05,0.0,0.0,0.0,0.00011401797699999999,0.0,0.0,0.0,0.0,0.0,0.0,0.0,0.0,6.763459999999998e-05
279.0,0.0,0.009186763847099998,0.0,0.0,0.0,0.0,0.0,0.0,0.0,0.0,0.0,2.7629649999999997e-05,0.0,0.0,0.0,0.00011401797699999999,0.0,0.0,0.0,0.0,0.0,0.0,0.0,0.0,6.763459999999998e-05
280.0,0.0,0.009186763847099998,0.0,0.0,0.0,0.0,0.0,0.0,0.0,0.0,0.0,2.7629649999999997e-05,0.0,0.0,0.0,0.00011401797699999999,0.0,0.0,0.0,0.0,0.0,0.0,0.0,0.0,6.763459999999998e-05
281.0,0.0,0.011127629448600001,0.0,0.0,0.0,0.0,0.0,0.0,0.0,0.0,0.0,3.34669e-05,0.0,0.0,0.0,0.00013810628200000002,0.0,0.0,0.0,0.0,0.0,0.0,0.0,0.0,8.19236e-05
282.0,0.0,0.011127629448600001,0.0,0.0,0.0,0.0,0.0,0.0,0.0,0.0,0.0,3.34669e-05,0.0,0.0,0.0,0.00013810628200000002,0.0,0.0,0.0,0.0,0.0,0.0,0.0,0.0,8.19236e-05
283.0,0.0,0.011127629448600001,0.0,0.0,0.0,0.0,0.0,0.0,0.0,0.0,0.0,3.34669e-05,0.0,0.0,0.0,0.00013810628200000002,0.0,0.0,0.0,0.0,0.0,0.0,0.0,0.0,8.19236e-05
284.0,0.0,0.011127629448600001,0.0,0.0,0.0,0.0,0.0,0.0,0.0,0.0,0.0,3.34669e-05,0.0,0.0,0.0,0.00013810628200000002,0.0,0.0,0.0,0.0,0.0,0.0,0.0,0.0,8.19236e-05
285.0,0.0,0.011127629448600001,0.0,0.0,0.0,0.0,0.0,0.0,0.0,0.0,0.0,3.34669e-05,0.0,0.0,0.0,0.00013810628200000002,0.0,0.0,0.0,0.0,0.0,0.0,0.0,0.0,8.19236e-05
286.0,0.0,0.011127629448600001,0.0,0.0,0.0,0.0,0.0,0.0,0.0,0.0,0.0,3.34669e-05,0.0,0.0,0.0,0.00013810628200000002,0.0,0.0,0.0,0.0,0.0,0.0,0.0,0.0,8.19236e-05
287.0,0.0,0.011127629448600001,0.0,0.0,0.0,0.0,0.0,0.0,0.0,0.0,0.0,3.34669e-05,0.0,0.0,0.0,0.00013810628200000002,0.0,0.0,0.0,0.0,0.0,0.0,0.0,0.0,8.19236e-05
288.0,0.0,0.011127629448600001,0.0,0.0,0.0,0.0,0.0,0.0,0.0,0.0,0.0,3.34669e-05,0.0,0.0,0.0,0.00013810628200000002,0.0,0.0,0.0,0.0,0.0,0.0,0.0,0.0,8.19236e-05
289.0,0.0,0.011127629448600001,0.0,0.0,0.0,0.0,0.0,0.0,0.0,0.0,0.0,3.34669e-05,0.0,0.0,0.0,0.00013810628200000002,0.0,0.0,0.0,0.0,0.0,0.0,0.0,0.0,8.19236e-05
290.0,0.0,0.011127629448600001,0.0,0.0,0.0,0.0,0.0,0.0,0.0,0.0,0.0,3.34669e-05,0.0,0.0,0.0,0.00013810628200000002,0.0,0.0,0.0,0.0,0.0,0.0,0.0,0.0,8.19236e-05
291.0,0.0,0.0027172118421,0.0,0.0,0.0,0.0,0.0,0.0,0.0,0.0,0.0,8.172150000000001e-06,0.0,0.0,0.0,3.3723627000000004e-05,0.0,0.0,0.0,0.0,0.0,0.0,0.0,0.0,2.00046e-05
292.0,0.0,0.0027172118421,0.0,0.0,0.0,0.0,0.0,0.0,0.0,0.0,0.0,8.172150000000001e-06,0.0,0.0,0.0,3.3723627000000004e-05,0.0,0.0,0.0,0.0,0.0,0.0,0.0,0.0,2.00046e-05
293.0,0.0,0.0027172118421,0.0,0.0,0.0,0.0,0.0,0.0,0.0,0.0,0.0,8.172150000000001e-06,0.0,0.0,0.0,3.3723627000000004e-05,0.0,0.0,0.0,0.0,0.0,0.0,0.0,0.0,2.00046e-05
294.0,0.0,0.0027172118421,0.0,0.0,0.0,0.0,0.0,0.0,0.0,0.0,0.0,8.172150000000001e-06,0.0,0.0,0.0,3.3723627000000004e-05,0.0,0.0,0.0,0.0,0.0,0.0,0.0,0.0,2.00046e-05
295.0,0.0,0.0027172118421,0.0,0.0,0.0,0.0,0.0,0.0,0.0,0.0,0.0,8.172150000000001e-06,0.0,0.0,0.0,3.3723627000000004e-05,0.0,0.0,0.0,0.0,0.0,0.0,0.0,0.0,2.00046e-05
296.0,0.0,0.0027172118421,0.0,0.0,0.0,0.0,0.0,0.0,0.0,0.0,0.0,8.172150000000001e-06,0.0,0.0,0.0,3.3723627000000004e-05,0.0,0.0,0.0,0.0,0.0,0.0,0.0,0.0,2.00046e-05
297.0,0.0,0.0027172118421,0.0,0.0,0.0,0.0,0.0,0.0,0.0,0.0,0.0,8.172150000000001e-06,0.0,0.0,0.0,3.3723627000000004e-05,0.0,0.0,0.0,0.0,0.0,0.0,0.0,0.0,2.00046e-05
298.0,0.0,0.0027172118421,0.0,0.0,0.0,0.0,0.0,0.0,0.0,0.0,0.0,8.172150000000001e-06,0.0,0.0,0.0,3.3723627000000004e-05,0.0,0.0,0.0,0.0,0.0,0.0,0.0,0.0,2.00046e-05
299.0,0.0,0.0027172118421,0.0,0.0,0.0,0.0,0.0,0.0,0.0,0.0,0.0,8.172150000000001e-06,0.0,0.0,0.0,3.3723627000000004e-05,0.0,0.0,0.0,0.0,0.0,0.0,0.0,0.0,2.00046e-05
300.0,0.0,0.0,0.0,0.0,0.0,0.0,0.0,0.0,0.0,0.0,0.0,0.0,0.0,0.0,0.0,0.0,0.0,0.0,0.0,0.0,0.0,0.0,0.0,0.0,2.00046e-05
301.0,0.0,0.0,0.0,0.0,0.0,0.0,0.0,0.0,0.0,0.0,0.0,0.0,0.0,0.0,0.0,0.0,0.0,0.0,0.0,0.0,0.0,0.0,0.0,0.0,2.00046e-05
302.0,0.0,0.0,0.0,0.0,0.0,0.0,0.0,0.0,0.0,0.0,0.0,0.0,0.0,0.0,0.0,0.0,0.0,0.0,0.0,0.0,0.0,0.0,0.0,0.0,0.0
303.0,0.0,0.0,0.0,0.0,0.0,0.0,0.0,0.0,0.0,0.0,0.0,0.0,0.0,0.0,0.0,0.0,0.0,0.0,0.0,0.0,0.0,0.0,0.0,0.0,0.0
304.0,0.0,0.0,0.0,0.0,0.0,0.0,0.0,0.0,0.0,0.0,0.0,0.0,0.0,0.0,0.0,0.0,0.0,0.0,0.0,0.0,0.0,0.0,0.0,0.0,0.0
305.0,0.0,0.0,0.0,0.0,0.0,0.0,0.0,0.0,0.0,0.0,0.0,0.0,0.0,0.0,0.0,0.0,0.0,0.0,0.0,0.0,0.0,0.0,0.0,0.0,0.0
306.0,0.0,0.0,0.0,0.0,0.0,0.0,0.0,0.0,0.0,0.0,0.0,0.0,0.0,0.0,0.0,0.0,0.0,0.0,0.0,0.0,0.0,0.0,0.0,0.0,0.0
307.0,0.0,0.0,0.0,0.0,0.0,0.0,0.0,0.0,0.0,0.0,0.0,0.0,0.0,0.0,0.0,0.0,0.0,0.0,0.0,0.0,0.0,0.0,0.0,0.0,0.0
308.0,0.0,0.0,0.0,0.0,0.0,0.0,0.0,0.0,0.0,0.0,0.0,0.0,0.0,0.0,0.0,0.0,0.0,0.0,0.0,0.0,0.0,0.0,0.0,0.0,0.0
309.0,0.0,0.0,0.0,0.0,0.0,0.0,0.0,0.0,0.0,0.0,0.0,0.0,0.0,0.0,0.0,0.0,0.0,0.0,0.0,0.0,0.0,0.0,0.0,0.0,0.0
310.0,0.0,0.0,0.0,0.0,0.0,0.0,0.0,0.0,0.0,0.0,0.0,0.0,0.0,0.0,0.0,0.0,0.0,0.0,0.0,0.0,0.0,0.0,0.0,0.0,0.0
311.0,0.0,0.0,0.0,0.0,0.0,0.0,0.0,0.0,0.0,0.0,0.0,0.0,0.0,0.0,0.0,0.0,0.0,0.0,0.0,0.0,0.0,0.0,0.0,0.0,0.0
312.0,0.0,0.0,0.0,0.0,0.0,0.0,0.0,0.0,0.0,0.0,0.0,0.0,0.0,0.0,0.0,0.0,0.0,0.0,0.0,0.0,0.0,0.0,0.0,0.0,0.0
313.0,0.0,0.0,0.0,0.0,0.0,0.0,0.0,0.0,0.0,0.0,0.0,0.0,0.0,0.0,0.0,0.0,0.0,0.0,0.0,0.0,0.0,0.0,0.0,0.0,0.0
314.0,0.0,0.0,0.0,0.0,0.0,0.0,0.0,0.0,0.0,0.0,0.0,0.0,0.0,0.0,0.0,0.0,0.0,0.0,0.0,0.0,0.0,0.0,0.0,0.0,0.0
315.0,0.0,0.0,0.0,0.0,0.0,0.0,0.0,0.0,0.0,0.0,0.0,0.0,0.0,0.0,0.0,0.0,0.0,0.0,0.0,0.0,0.0,0.0,0.0,0.0,0.0
316.0,0.0,0.0,0.0,0.0,0.0,0.0,0.0,0.0,0.0,0.0,0.0,0.0,0.0,0.0,0.0,0.0,0.0,0.0,0.0,0.0,0.0,0.0,0.0,0.0,0.0
317.0,0.0,0.0,0.0,0.0,0.0,0.0,0.0,0.0,0.0,0.0,0.0,0.0,0.0,0.0,0.0,0.0,0.0,0.0,0.0,0.0,0.0,0.0,0.0,0.0,0.0
318.0,0.0,0.0,0.0,0.0,0.0,0.0,0.0,0.0,0.0,0.0,0.0,0.0,0.0,0.0,0.0,0.0,0.0,0.0,0.0,0.0,0.0,0.0,0.0,0.0,0.0
319.0,0.0,0.0,0.0,0.0,0.0,0.0,0.0,0.0,0.0,0.0,0.0,0.0,0.0,0.0,0.0,0.0,0.0,0.0,0.0,0.0,0.0,0.0,0.0,0.0,0.0
320.0,0.0,0.0,0.0,0.0,0.0,0.0,0.0,0.0,0.0,0.0,0.0,0.0,0.0,0.0,0.0,0.0,0.0,0.0,0.0,0.0,0.0,0.0,0.0,0.0,0.0
321.0,0.0,0.0,0.0,0.0,0.0,0.0,0.0,0.0,0.0,0.0,0.0,0.0,0.0,0.0,0.0,0.0,0.0,0.0,0.0,0.0,0.0,0.0,0.0,0.0,0.0
322.0,0.0,0.0,0.0,0.0,0.0,0.0,0.0,0.0,0.0,0.0,0.0,0.0,0.0,0.0,0.0,0.0,0.0,0.0,0.0,0.0,0.0,0.0,0.0,0.0,0.0
323.0,0.0,0.0,0.0,0.0,0.0,0.0,0.0,0.0,0.0,0.0,0.0,0.0,0.0,0.0,0.0,0.0,0.0,0.0,0.0,0.0,0.0,0.0,0.0,0.0,0.0
324.0,0.0,0.0,0.0,0.0,0.0,0.0,0.0,0.0,0.0,0.0,0.0,0.0,0.0,0.0,0.0,0.0,0.0,0.0,0.0,0.0,0.0,0.0,0.0,0.0,0.0
325.0,0.0,0.0,0.0,0.0,0.0,0.0,0.0,0.0,0.0,0.0,0.0,0.0,0.0,0.0,0.0,0.0,0.0,0.0,0.0,0.0,0.0,0.0,0.0,0.0,0.0
326.0,0.0,0.0,0.0,0.0,0.0,0.0,0.0,0.0,0.0,0.0,0.0,0.0,0.0,0.0,0.0,0.0,0.0,0.0,0.0,0.0,0.0,0.0,0.0,0.0,0.0
327.0,0.0,0.0,0.0,0.0,0.0,0.0,0.0,0.0,0.0,0.0,0.0,0.0,0.0,0.0,0.0,0.0,0.0,0.0,0.0,0.0,0.0,0.0,0.0,0.0,0.0
328.0,0.0,0.0,0.0,0.0,0.0,0.0,0.0,0.0,0.0,0.0,0.0,0.0,0.0,0.0,0.0,0.0,0.0,0.0,0.0,0.0,0.0,0.0,0.0,0.0,0.0
329.0,0.0,0.0,0.0,0.0,0.0,0.0,0.0,0.0,0.0,0.0,0.0,0.0,0.0,0.0,0.0,0.0,0.0,0.0,0.0,0.0,0.0,0.0,0.0,0.0,0.0
330.0,0.0,0.0,0.0,0.0,0.0,0.0,0.0,0.0,0.0,0.0,0.0,0.0,0.0,0.0,0.0,0.0,0.0,0.0,0.0,0.0,0.0,0.0,0.0,0.0,0.0
331.0,0.0,0.0,0.0,0.0,0.0,0.0,0.0,0.0,0.0,0.0,0.0,0.0,0.0,0.0,0.0,0.0,0.0,0.0,0.0,0.0,0.0,0.0,0.0,0.0,0.0
332.0,0.0,0.0,0.0,0.0,0.0,0.0,0.0,0.0,0.0,0.0,0.0,0.0,0.0,0.0,0.0,0.0,0.0,0.0,0.0,0.0,0.0,0.0,0.0,0.0,0.0
333.0,0.0,0.0,0.0,0.0,0.0,0.0,0.0,0.0,0.0,0.0,0.0,0.0,0.0,0.0,0.0,0.0,0.0,0.0,0.0,0.0,0.0,0.0,0.0,0.0,0.0
334.0,0.0,0.0,0.0,0.0,0.0,0.0,0.0,0.0,0.0,0.0,0.0,0.0,0.0,0.0,0.0,0.0,0.0,0.0,0.0,0.0,0.0,0.0,0.0,0.0,0.0
335.0,0.0,0.0,0.0,0.0,0.0,0.0,0.0,0.0,0.0,0.0,0.0,0.0,0.0,0.0,0.0,0.0,0.0,0.0,0.0,0.0,0.0,0.0,0.0,0.0,0.0
336.0,0.0,0.0,0.0,0.0,0.0,0.0,0.0,0.0,0.0,0.0,0.0,0.0,0.0,0.0,0.0,0.0,0.0,0.0,0.0,0.0,0.0,0.0,0.0,0.0,0.0
337.0,0.0,0.0,0.0,0.0,0.0,0.0,0.0,0.0,0.0,0.0,0.0,0.0,0.0,0.0,0.0,0.0,0.0,0.0,0.0,0.0,0.0,0.0,0.0,0.0,0.0
338.0,0.0,0.0,0.0,0.0,0.0,0.0,0.0,0.0,0.0,0.0,0.0,0.0,0.0,0.0,0.0,0.0,0.0,0.0,0.0,0.0,0.0,0.0,0.0,0.0,0.0
339.0,0.0,0.0,0.0,0.0,0.0,0.0,0.0,0.0,0.0,0.0,0.0,0.0,0.0,0.0,0.0,0.0,0.0,0.0,0.0,0.0,0.0,0.0,0.0,0.0,0.0
340.0,0.0,0.0,0.0,0.0,0.0,0.0,0.0,0.0,0.0,0.0,0.0,0.0,0.0,0.0,0.0,0.0,0.0,0.0,0.0,0.0,0.0,0.0,0.0,0.0,0.0
341.0,0.0,0.0,0.0,0.0,0.0,0.0,0.0,0.0,0.0,0.0,0.0,0.0,0.0,0.0,0.0,0.0,0.0,0.0,0.0,0.0,0.0,0.0,0.0,0.0,0.0
342.0,0.0,0.0,0.0,0.0,0.0,0.0,0.0,0.0,0.0,0.0,0.0,0.0,0.0,0.0,0.0,0.0,0.0,0.0,0.0,0.0,0.0,0.0,0.0,0.0,0.0
343.0,0.0,0.0,0.0,0.0,0.0,0.0,0.0,0.0,0.0,0.0,0.0,0.0,0.0,0.0,0.0,0.0,0.0,0.0,0.0,0.0,0.0,0.0,0.0,0.0,0.0
344.0,0.0,0.0,0.0,0.0,0.0,0.0,0.0,0.0,0.0,0.0,0.0,0.0,0.0,0.0,0.0,0.0,0.0,0.0,0.0,0.0,0.0,0.0,0.0,0.0,0.0
345.0,0.0,0.0,0.0,0.0,0.0,0.0,0.0,0.0,0.0,0.0,0.0,0.0,0.0,0.0,0.0,0.0,0.0,0.0,0.0,0.0,0.0,0.0,0.0,0.0,0.0
346.0,0.0,0.0,0.0,0.0,0.00020496000000000002,4.422e-05,0.0,0.0,0.0,0.0,0.0,0.0,0.0,0.0,0.0,0.0,0.0,0.0,0.0,0.0,0.0,0.0,0.0,0.0,0.0
347.0,0.0,0.0,0.0,0.0,0.00020496000000000002,4.422e-05,0.0,0.0,0.0,0.0,0.0,0.0,0.0,0.0,0.0,0.0,0.0,0.0,0.0,0.0,0.0,0.0,0.0,0.0,0.0
348.0,0.0,0.0,0.0,0.0,0.00020496000000000002,4.422e-05,0.0,0.0,0.0,0.0,0.0,0.0,0.0,0.0,0.0,0.0,0.0,0.0,0.0,0.0,0.0,0.0,0.0,0.0,0.0
349.0,0.0,0.0,0.0,0.0,0.00020496000000000002,4.422e-05,0.0,0.0,0.0,0.0,0.0,0.0,0.0,0.0,0.0,0.0,0.0,0.0,0.0,0.0,0.0,0.0,0.0,0.0,0.0
350.0,0.0,0.0,0.0,0.0,0.00020496000000000002,4.422e-05,0.0,0.0,0.0,0.0,0.0,0.0,0.0,0.0,0.0,0.0,0.0,0.0,0.0,0.0,0.0,0.0,0.0,0.0,0.0
351.0,3.4180328000000005e-05,0.0,3.4832599999999996e-05,0.0,0.00020496000000000002,4.422e-05,0.0,3.4832599999999996e-05,0.0,0.0,0.0,0.0,0.0,2.4e-08,0.0,0.0,0.0,0.0,0.0,0.0,0.0,0.0,0.0,0.0,0.0
352.0,3.4180328000000005e-05,0.0,3.4832599999999996e-05,0.0,0.00020496000000000002,4.422e-05,0.0,3.4832599999999996e-05,0.0,0.0,0.0,0.0,0.0,2.4e-08,0.0,0.0,0.0,0.0,0.0,0.0,0.0,0.0,0.0,0.0,0.0
353.0,3.4180328000000005e-05,0.0,3.4832599999999996e-05,0.0,0.00020496000000000002,4.422e-05,0.0,3.4832599999999996e-05,0.0,0.0,0.0,0.0,0.0,2.4e-08,0.0,0.0,0.0,0.0,0.0,0.0,0.0,0.0,0.0,0.0,0.0
354.0,3.4180328000000005e-05,0.0,3.4832599999999996e-05,0.0,0.00020496000000000002,4.422e-05,0.0,3.4832599999999996e-05,0.0,0.0,0.0,0.0,0.0,2.4e-08,0.0,0.0,0.0,0.0,0.0,0.0,0.0,0.0,0.0,0.0,0.0
355.0,3.4180328000000005e-05,0.0,3.4832599999999996e-05,0.0,0.00020496000000000002,4.422e-05,0.0,3.4832599999999996e-05,0.0,0.0,0.0,0.0,0.0,2.4e-08,0.0,0.0,0.0,0.0,0.0,0.0,0.0,0.0,0.0,0.0,0.0
356.0,0.0,0.0,3.4832599999999996e-05,0.0,0.0003928400000000001,8.475500000000001e-05,3.759088e-06,3.4832599999999996e-05,5.616e-07,0.0,0.0,0.0,0.0,2.4e-08,0.0,0.0,0.0,0.0,0.0,0.0,0.0,0.0,0.0,0.0,0.0
357.0,0.0,0.0,3.4832599999999996e-05,0.0,0.0003928400000000001,8.475500000000001e-05,3.759088e-06,3.4832599999999996e-05,5.616e-07,0.0,0.0,0.0,0.0,2.4e-08,0.0,0.0,0.0,0.0,0.0,0.0,0.0,0.0,0.0,0.0,0.0
358.0,0.0,0.0,3.4832599999999996e-05,0.0,0.0003928400000000001,8.475500000000001e-05,3.759088e-06,3.4832599999999996e-05,5.616e-07,0.0,0.0,0.0,0.0,2.4e-08,0.0,0.0,0.0,0.0,0.0,0.0,0.0,0.0,0.0,0.0,0.0
359.0,0.0,0.0,3.4832599999999996e-05,0.0,0.0003928400000000001,8.475500000000001e-05,3.759088e-06,3.4832599999999996e-05,5.616e-07,0.0,0.0,0.0,0.0,2.4e-08,0.0,0.0,0.0,0.0,0.0,0.0,0.0,0.0,0.0,0.0,0.0
360.0,0.0,0.0,3.4832599999999996e-05,0.0,0.0003928400000000001,8.475500000000001e-05,3.759088e-06,3.4832599999999996e-05,5.616e-07,0.0,0.0,0.0,0.0,2.4e-08,0.0,0.0,0.0,0.0,0.0,0.0,0.0,0.0,0.0,0.0,0.0
361.0,0.0,0.0,1.7416299999999998e-05,0.0,0.0003928400000000001,8.475500000000001e-05,3.759088e-06,1.7416299999999998e-05,5.616e-07,0.0,0.0,0.0,0.0,1.2e-08,0.0,0.0,0.0,0.0,0.0,0.0,0.0,0.0,0.0,0.0,0.0
362.0,0.0,0.0,1.7416299999999998e-05,0.0,0.0003928400000000001,8.475500000000001e-05,3.759088e-06,1.7416299999999998e-05,5.616e-07,0.0,0.0,0.0,0.0,1.2e-08,0.0,0.0,0.0,0.0,0.0,0.0,0.0,0.0,0.0,0.0,0.0
363.0,0.0,0.0,1.7416299999999998e-05,0.0,0.0003928400000000001,8.475500000000001e-05,3.759088e-06,1.7416299999999998e-05,5.616e-07,0.0,0.0,0.0,0.0,1.2e-08,0.0,0.0,0.0,0.0,0.0,0.0,0.0,0.0,0.0,0.0,0.0
364.0,0.0,0.0,1.7416299999999998e-05,0.0,0.0003928400000000001,8.475500000000001e-05,3.759088e-06,1.7416299999999998e-05,5.616e-07,0.0,0.0,0.0,0.0,1.2e-08,0.0,0.0,0.0,0.0,0.0,0.0,0.0,0.0,0.0,0.0,0.0
365.0,0.0,0.0,1.7416299999999998e-05,0.0,0.0003928400000000001,8.475500000000001e-05,3.759088e-06,1.7416299999999998e-05,5.616e-07,0.0,0.0,0.0,0.0,1.2e-08,0.0,0.0,0.0,0.0,0.0,0.0,0.0,0.0,0.0,0.0,0.0
