,day,DVS,LAI,TAGP,TWSO,TWLV,TWST,TWRT,TRA,RD,SM,WWLOW
0,2014-01-01,,,,,,,,,,0.34,3.4000000000000004
1,2014-01-02,,,,,,,,,,0.0,0.0
2,2014-01-03,,,,,,,,,,0.0,0.0
3,2014-01-04,,,,,,,,,,0.0,0.0
4,2014-01-05,,,,,,,,,,0.0,0.0
5,2014-01-06,,,,,,,,,,0.0,0.0
6,2014-01-07,,,,,,,,,,0.0,0.0
7,2014-01-08,,,,,,,,,,0.0,0.0
8,2014-01-09,,,,,,,,,,0.0,0.0
9,2014-01-10,,,,,,,,,,0.0,0.0
10,2014-01-11,,,,,,,,,,0.0,0.0
11,2014-01-12,,,,,,,,,,0.0,0.0
12,2014-01-13,,,,,,,,,,0.0,0.0
13,2014-01-14,,,,,,,,,,0.0,0.0
14,2014-01-15,,,,,,,,,,0.0,0.0
15,2014-01-16,,,,,,,,,,0.0,0.0
16,2014-01-17,,,,,,,,,,0.0,0.0
17,2014-01-18,,,,,,,,,,0.0,0.0
18,2014-01-19,,,,,,,,,,0.0,0.0
19,2014-01-20,,,,,,,,,,0.0,0.0
20,2014-01-21,,,,,,,,,,0.0,0.0
21,2014-01-22,,,,,,,,,,0.0,0.0
22,2014-01-23,,,,,,,,,,0.0,0.0
23,2014-01-24,,,,,,,,,,0.0,0.0
24,2014-01-25,,,,,,,,,,0.0,0.0
25,2014-01-26,,,,,,,,,,0.0,0.0
26,2014-01-27,,,,,,,,,,0.0,0.0
27,2014-01-28,,,,,,,,,,0.0,0.0
28,2014-01-29,,,,,,,,,,0.0,0.0
29,2014-01-30,,,,,,,,,,0.0,0.0
30,2014-01-31,,,,,,,,,,0.0,0.0
31,2014-02-01,,,,,,,,,,0.0,0.0
32,2014-02-02,,,,,,,,,,0.0,0.0
33,2014-02-03,,,,,,,,,,0.0,0.0
34,2014-02-04,,,,,,,,,,0.0,0.0
35,2014-02-05,,,,,,,,,,0.0,0.0
36,2014-02-06,,,,,,,,,,0.0,0.0
37,2014-02-07,,,,,,,,,,0.0,0.0
38,2014-02-08,,,,,,,,,,0.0,0.0
39,2014-02-09,,,,,,,,,,0.0,0.0
40,2014-02-10,,,,,,,,,,0.0,0.0
41,2014-02-11,,,,,,,,,,0.0,0.0
42,2014-02-12,,,,,,,,,,0.0,0.0
43,2014-02-13,,,,,,,,,,0.0,0.0
44,2014-02-14,,,,,,,,,,0.0,0.0
45,2014-02-15,,,,,,,,,,0.0,0.0
46,2014-02-16,,,,,,,,,,0.0,0.0
47,2014-02-17,,,,,,,,,,0.0,0.0
48,2014-02-18,,,,,,,,,,0.0,0.0
49,2014-02-19,,,,,,,,,,0.0,0.0
50,2014-02-20,,,,,,,,,,0.0,0.0
51,2014-02-21,,,,,,,,,,0.0,0.0
52,2014-02-22,,,,,,,,,,0.0,0.0
53,2014-02-23,,,,,,,,,,0.0,0.0
54,2014-02-24,,,,,,,,,,0.0,0.0
55,2014-02-25,,,,,,,,,,0.0,0.0
56,2014-02-26,,,,,,,,,,0.0,0.0
57,2014-02-27,,,,,,,,,,0.0,0.0
58,2014-02-28,,,,,,,,,,0.0,0.0
59,2014-03-01,,,,,,,,,,0.0,0.0
60,2014-03-02,,,,,,,,,,0.0,0.0
61,2014-03-03,,,,,,,,,,0.0,0.0
62,2014-03-04,,,,,,,,,,0.0,0.0
63,2014-03-05,,,,,,,,,,0.0,0.0
64,2014-03-06,,,,,,,,,,0.0,0.0
65,2014-03-07,,,,,,,,,,0.0,0.0
66,2014-03-08,,,,,,,,,,0.0,0.0
67,2014-03-09,,,,,,,,,,0.0,0.0
68,2014-03-10,,,,,,,,,,0.0,0.0
69,2014-03-11,,,,,,,,,,0.0,0.0
70,2014-03-12,,,,,,,,,,0.0,0.0
71,2014-03-13,,,,,,,,,,0.0,0.0
72,2014-03-14,,,,,,,,,,0.0,0.0
73,2014-03-15,,,,,,,,,,0.0,0.0
74,2014-03-16,,,,,,,,,,0.0,0.0
75,2014-03-17,,,,,,,,,,0.0,0.0
76,2014-03-18,,,,,,,,,,0.0,0.0
77,2014-03-19,,,,,,,,,,0.0,0.0
78,2014-03-20,,,,,,,,,,0.0,0.0
79,2014-03-21,,,,,,,,,,0.0,0.0
80,2014-03-22,,,,,,,,,,0.0,0.0
81,2014-03-23,,,,,,,,,,0.0,0.0
82,2014-03-24,,,,,,,,,,0.0,0.0
83,2014-03-25,,,,,,,,,,0.0,0.0
84,2014-03-26,,,,,,,,,,0.0,0.0
85,2014-03-27,,,,,,,,,,0.0,0.0
86,2014-03-28,,,,,,,,,,0.0,0.0
87,2014-03-29,,,,,,,,,,0.0,0.0
88,2014-03-30,,,,,,,,,,0.0,0.0
89,2014-03-31,,,,,,,,,,0.0,0.0
90,2014-04-01,0.0,0.038720000000000004,44.0,0.0,17.6,26.4,11.0,0.0,10.0,0.0,0.0
91,2014-04-02,0.0025555555555555544,0.037558400000000006,44.0,0.0,17.6,26.4,11.0,0.0,10.0,0.0,0.0
92,2014-04-03,0.006444444444444444,0.036431648000000004,44.0,0.0,17.6,26.4,11.0,0.0,10.0,0.0,0.0
93,2014-04-04,0.009555555555555555,0.03533869856,44.0,0.0,17.6,26.4,11.0,0.0,10.0,0.0,0.0
94,2014-04-05,0.01461111111111111,0.0342785376032,44.0,0.0,17.6,26.4,11.0,0.0,10.0,0.0,0.0
95,2014-04-06,0.019888888888888887,0.03325018147510401,44.0,0.0,17.6,26.4,11.0,0.0,10.0,0.0,0.0
96,2014-04-07,0.027444444444444445,0.032252676030850885,44.0,0.0,17.6,26.4,11.0,0.0,10.0,0.0,0.0
97,2014-04-08,0.036722222222222226,0.03128509574992536,44.0,0.0,17.6,26.4,11.0,0.0,10.0,0.0,0.0
98,2014-04-09,0.04683333333333334,0.0303465428774276,44.0,0.0,17.6,26.4,11.0,0.0,10.0,0.0,0.0
99,2014-04-10,0.060500000000000005,0.029436146591104773,44.0,0.0,17.6,26.4,11.0,0.0,10.0,0.0,0.0
100,2014-04-11,0.07183333333333333,0.02855306219337163,44.0,0.0,17.6,26.4,11.0,0.0,10.0,0.0,0.0
101,2014-04-12,0.07833333333333334,0.02769647032757048,44.0,0.0,17.6,26.4,11.0,0.0,10.0,0.0,0.0
102,2014-04-13,0.08211111111111112,0.026865576217743364,44.0,0.0,17.6,26.4,11.0,0.0,10.0,0.0,0.0
103,2014-04-14,0.08666666666666667,0.02605960893121106,44.0,0.0,17.6,26.4,11.0,0.0,10.0,0.0,0.0
104,2014-04-15,0.0915,0.025277820663274726,44.0,0.0,17.6,26.4,11.0,0.0,10.0,0.0,0.0
105,2014-04-16,0.09616666666666666,0.024519486043376486,44.0,0.0,17.6,26.4,11.0,0.0,10.0,0.0,0.0
106,2014-04-17,0.1025,0.023783901462075194,44.0,0.0,17.6,26.4,11.0,0.0,10.0,0.0,0.0
107,2014-04-18,0.10722222222222222,0.02307038441821294,44.0,0.0,17.6,26.4,11.0,0.0,10.0,0.0,0.0
108,2014-04-19,0.11066666666666666,0.02237827288566655,44.0,0.0,17.6,26.4,11.0,0.0,10.0,0.0,0.0
109,2014-04-20,0.11511111111111111,0.021706924699096554,44.0,0.0,17.6,26.4,11.0,0.0,10.0,0.0,0.0
110,2014-04-21,0.11855555555555555,0.021055716958123655,44.0,0.0,17.6,26.4,11.0,0.0,10.0,0.0,0.0
111,2014-04-22,0.12194444444444444,0.020424045449379948,44.0,0.0,17.6,26.4,11.0,0.0,10.0,0.0,0.0
112,2014-04-23,0.12733333333333333,0.019811324085898547,44.0,0.0,17.6,26.4,11.0,0.0,10.0,0.0,0.0
113,2014-04-24,0.13327777777777777,0.01921698436332159,44.0,0.0,17.6,26.4,11.0,0.0,10.0,0.0,0.0
114,2014-04-25,0.13816666666666666,0.018640474832421945,44.0,0.0,17.6,26.4,11.0,0.0,10.0,0.0,0.0
115,2014-04-26,0.14144444444444443,0.01808126058744929,44.0,0.0,17.6,26.4,11.0,0.0,10.0,0.0,0.0
116,2014-04-27,0.14738888888888887,0.01753882276982581,44.0,0.0,17.599999999999998,26.4,11.0,0.0,10.0,0.0,0.0
117,2014-04-28,0.15355555555555556,0.017012658086731035,44.0,0.0,17.599999999999998,26.4,11.0,0.0,10.0,0.0,0.0
118,2014-04-29,0.1608888888888889,0.016502278344129102,44.0,0.0,17.6,26.4,11.0,0.0,10.0,0.0,0.0
119,2014-04-30,0.1691111111111111,0.01600720999380523,44.0,0.0,17.599999999999998,26.4,11.0,0.0,10.0,0.0,0.0
120,2014-05-01,0.17783333333333332,0.015526993693991074,44.0,0.0,17.599999999999998,26.4,11.0,0.0,10.0,0.0,0.0
121,2014-05-02,0.1869444444444444,0.01506118388317134,44.0,0.0,17.599999999999998,26.4,11.0,0.0,10.0,0.0,0.0
122,2014-05-03,0.1957222222222222,0.014609348366676201,44.0,0.0,17.599999999999998,26.4,11.0,0.0,10.0,0.0,0.0
123,2014-05-04,0.20538888888888884,0.014171067915675914,44.0,0.0,17.599999999999998,26.4,11.0,0.0,10.0,0.0,0.0
124,2014-05-05,0.21649999999999994,0.013745935878205637,44.0,0.0,17.599999999999998,26.4,11.0,0.0,10.0,0.0,0.0
125,2014-05-06,0.22772222222222216,0.013333557801859467,44.0,0.0,17.599999999999998,26.4,11.0,0.0,10.0,0.0,0.0
126,2014-05-07,0.23972222222222217,0.012933551067803683,44.0,0.0,17.599999999999998,26.4,11.0,0.0,10.0,0.0,0.0
127,2014-05-08,0.25261111111111106,0.012545544535769573,44.0,0.0,17.599999999999998,26.4,11.0,0.0,10.0,0.0,0.0
128,2014-05-09,0.26349999999999996,0.012169178199696486,44.0,0.0,17.599999999999998,26.4,11.0,0.0,10.0,0.0,0.0
129,2014-05-10,0.27238888888888885,0.011804102853705591,44.0,0.0,17.599999999999998,26.4,11.0,0.0,10.0,0.0,0.0
130,2014-05-11,0.28127777777777774,0.011449979768094424,44.0,0.0,17.599999999999998,26.4,11.0,0.0,10.0,0.0,0.0
131,2014-05-12,0.29077777777777775,0.01110648037505159,43.99999999999999,0.0,17.599999999999994,26.4,11.0,0.0,10.0,0.0,0.0
132,2014-05-13,0.303,0.010773285963800042,43.99999999999999,0.0,17.599999999999994,26.4,11.0,0.0,10.0,0.0,0.0
133,2014-05-14,0.3178333333333333,0.010450087384886042,43.99999999999999,0.0,17.599999999999994,26.4,11.0,0.0,10.0,0.0,0.0
134,2014-05-15,0.33438888888888885,0.01013658476333946,43.99999999999999,0.0,17.599999999999994,26.4,11.0,0.0,10.0,0.0,0.0
135,2014-05-16,0.3510555555555555,0.009832487220439277,43.99999999999999,0.0,17.599999999999994,26.4,11.0,0.0,10.0,0.0,0.0
136,2014-05-17,0.3653888888888888,0.009537512603826098,43.99999999999999,0.0,17.599999999999994,26.4,11.0,0.0,10.0,0.0,0.0
137,2014-05-18,0.3787222222222221,0.009251387225711316,43.99999999999999,0.0,17.599999999999994,26.4,11.0,0.0,10.0,0.0,0.0
138,2014-05-19,0.39116666666666655,0.008973845608939976,43.99999999999999,0.0,17.599999999999994,26.4,11.0,0.0,10.0,0.0,0.0
139,2014-05-20,0.4038333333333332,0.008704630240671776,43.99999999999999,0.0,17.599999999999994,26.4,11.0,0.0,10.0,0.0,0.0
140,2014-05-21,0.41544444444444434,0.008443491333451623,43.99999999999999,0.0,17.599999999999994,26.4,11.0,0.0,10.0,0.0,0.0
141,2014-05-22,0.424111111111111,0.008190186593448074,43.99999999999999,0.0,17.599999999999994,26.4,11.0,0.0,10.0,0.0,0.0
142,2014-05-23,0.4360555555555554,0.007944480995644631,43.99999999999999,0.0,17.599999999999994,26.4,11.0,0.0,10.0,0.0,0.0
143,2014-05-24,0.44816666666666655,0.007706146565775293,43.99999999999999,0.0,17.599999999999994,26.4,11.0,0.0,10.0,0.0,0.0
144,2014-05-25,0.45961111111111097,0.007474962168802033,43.99999999999999,0.0,17.599999999999994,26.4,11.0,0.0,10.0,0.0,0.0
145,2014-05-26,0.47277777777777763,0.007250713303737972,43.99999999999999,0.0,17.599999999999994,26.4,11.0,0.0,10.0,0.0,0.0
146,2014-05-27,0.48711111111111094,0.007033191904625833,43.99999999999999,0.0,17.599999999999994,26.4,11.0,0.0,10.0,0.0,0.0
147,2014-05-28,0.5037777777777777,0.006822196147487057,43.99999999999999,0.0,17.599999999999994,26.4,11.0,0.0,10.0,0.0,0.0
148,2014-05-29,0.5191666666666666,0.006617530263062446,43.99999999999999,0.0,17.599999999999994,26.4,11.0,0.0,10.0,0.0,0.0
149,2014-05-30,0.5330555555555554,0.006419004355170573,43.99999999999999,0.0,17.599999999999994,26.4,11.0,0.0,10.0,0.0,0.0
150,2014-05-31,0.5457222222222221,0.006226434224515456,43.99999999999999,0.0,17.599999999999994,26.4,11.0,0.0,10.0,0.0,0.0
151,2014-06-01,0.5589444444444444,0.006039641197779992,43.99999999999999,0.0,17.599999999999994,26.4,11.0,0.0,10.0,0.0,0.0
152,2014-06-02,0.5739444444444444,0.005858451961846593,43.99999999999999,0.0,17.599999999999994,26.4,11.0,0.0,10.0,0.0,0.0
153,2014-06-03,0.5901666666666666,0.005682698402991195,43.99999999999999,0.0,17.599999999999994,26.4,11.0,0.0,10.0,0.0,0.0
154,2014-06-04,0.6053888888888889,0.005512217450901459,43.99999999999999,0.0,17.599999999999994,26.4,11.0,0.0,10.0,0.0,0.0
155,2014-06-05,0.6212777777777777,0.005346850927374415,43.99999999999999,0.0,17.599999999999994,26.4,11.0,0.0,10.0,0.0,0.0
156,2014-06-06,0.6379444444444444,0.005186445399553183,43.99999999999999,0.0,17.599999999999994,26.4,11.0,0.0,10.0,0.0,0.0
157,2014-06-07,0.6533888888888889,0.005030852037566588,43.99999999999999,0.0,17.599999999999994,26.4,11.0,0.0,10.0,0.0,0.0
158,2014-06-08,0.6700555555555556,0.00487992647643959,43.99999999999999,0.0,17.599999999999994,26.4,11.0,0.0,10.0,0.0,0.0
159,2014-06-09,0.6857777777777778,0.004733528682146402,43.99999999999999,0.0,17.599999999999994,26.4,11.0,0.0,10.0,0.0,0.0
160,2014-06-10,0.7002222222222223,0.0045915228216820096,43.99999999999999,0.0,17.599999999999994,26.4,11.0,0.0,10.0,0.0,0.0
161,2014-06-11,0.7153333333333334,0.004453777137031548,43.99999999999999,0.0,17.599999999999994,26.4,11.0,0.0,10.0,0.0,0.0
162,2014-06-12,0.7295,0.0043201638229206024,43.99999999999999,0.0,17.599999999999994,26.4,11.0,0.0,10.0,0.0,0.0
163,2014-06-13,0.7456666666666667,0.004190558908232984,43.99999999999999,0.0,17.599999999999994,26.4,11.0,0.0,10.0,0.0,0.0
164,2014-06-14,0.762,0.0040648421409859945,43.99999999999999,0.0,17.599999999999994,26.4,11.0,0.0,10.0,0.0,0.0
165,2014-06-15,0.7786666666666667,0.003942896876756414,43.99999999999999,0.0,17.599999999999994,26.4,11.0,0.0,10.0,0.0,0.0
166,2014-06-16,0.7953333333333334,0.0038246099704537222,43.99999999999999,0.0,17.599999999999994,26.4,11.0,0.0,10.0,0.0,0.0
167,2014-06-17,0.8120000000000002,0.0037098716713401102,43.99999999999999,0.0,17.599999999999994,26.4,11.0,0.0,10.0,0.0,0.0
168,2014-06-18,0.8286666666666669,0.003598575521199907,43.99999999999999,0.0,17.599999999999994,26.4,11.0,0.0,10.0,0.0,0.0
169,2014-06-19,0.8453333333333336,0.00349061825556391,43.99999999999999,0.0,17.599999999999994,26.4,11.0,0.0,10.0,0.0,0.0
170,2014-06-20,0.8616666666666669,0.0033858997078969927,43.99999999999999,0.0,17.599999999999994,26.4,11.0,0.0,10.0,0.0,0.0
171,2014-06-21,0.8770555555555558,0.003284322716660083,43.99999999999999,0.0,17.599999999999994,26.4,11.0,0.0,10.0,0.0,0.0
172,2014-06-22,0.8923333333333335,0.00318579303516028,43.999999999999986,0.0,17.59999999999999,26.4,11.0,0.0,10.0,0.0,0.0
173,2014-06-23,0.9065000000000002,0.003090219244105472,43.99999999999999,0.0,17.599999999999994,26.4,11.0,0.0,10.0,0.0,0.0
174,2014-06-24,0.9220555555555557,0.002997512666782308,43.99999999999999,0.0,17.599999999999994,26.4,11.0,0.0,10.0,0.0,0.0
175,2014-06-25,0.9387222222222225,0.0029075872867788386,43.99999999999999,0.0,17.599999999999994,26.4,11.0,0.0,10.0,0.0,0.0
176,2014-06-26,0.9553888888888892,0.002820359668175474,43.99999999999999,0.0,17.599999999999994,26.4,11.0,0.0,10.0,0.0,0.0
177,2014-06-27,0.9720555555555559,0.0027357488781302097,43.99999999999999,0.0,17.599999999999994,26.4,11.0,0.0,10.0,0.0,0.0
178,2014-06-28,0.9887222222222226,0.002653676411786303,43.99999999999999,0.0,17.599999999999994,26.4,11.0,0.0,10.0,0.0,0.0
179,2014-06-29,1.0,0.002574066119432714,43.99999999999999,0.0,17.599999999999994,26.4,11.0,0.0,10.0,0.0,0.0
180,2014-06-30,1.0299,0.0024968441358497327,43.99999999999999,0.0,17.599999999999994,26.4,11.0,0.0,10.0,0.0,0.0
181,2014-07-01,1.0599,0.002421938811774241,43.99999999999999,0.0,17.599999999999994,26.4,11.0,0.0,10.0,0.0,0.0
182,2014-07-02,1.0899,0.002349280647421014,43.99999999999999,0.0,17.599999999999994,26.4,11.0,0.0,10.0,0.0,0.0
183,2014-07-03,1.1199000000000001,0.0022788022279983835,43.99999999999999,0.0,17.599999999999994,26.4,11.0,0.0,10.0,0.0,0.0
184,2014-07-04,1.1499000000000001,0.002210438161158432,44.0,0.0,17.599999999999998,26.4,11.0,0.0,10.0,0.0,0.0
185,2014-07-05,1.1799000000000002,0.002144125016323679,44.0,0.0,17.599999999999998,26.4,11.0,0.0,10.0,0.0,0.0
186,2014-07-06,1.2089,0.0020798012658339686,44.0,0.0,17.599999999999998,26.4,11.0,0.0,10.0,0.0,0.0
187,2014-07-07,1.2389000000000001,0.0020174072278589497,44.0,0.0,17.599999999999998,26.4,11.0,0.0,10.0,0.0,0.0
188,2014-07-08,1.2689000000000001,0.0019568850110231813,44.0,0.0,17.599999999999998,26.4,11.0,0.0,10.0,0.0,0.0
189,2014-07-09,1.2989000000000002,0.0018981784606924858,44.0,0.0,17.599999999999998,26.4,11.0,0.0,10.0,0.0,0.0
190,2014-07-10,1.3289000000000002,0.0018412331068717112,44.0,0.0,17.599999999999998,26.4,11.0,0.0,10.0,0.0,0.0
191,2014-07-11,1.3589000000000002,0.0017859961136655598,44.0,0.0,17.599999999999998,26.4,11.0,0.0,10.0,0.0,0.0
192,2014-07-12,1.3889000000000002,0.0017324162302555929,44.0,0.0,17.599999999999998,26.4,11.0,0.0,10.0,0.0,0.0
193,2014-07-13,1.4189000000000003,0.0016804437433479253,44.0,0.0,17.599999999999998,26.4,11.0,0.0,10.0,0.0,0.0
194,2014-07-14,1.4489000000000003,0.0016300304310474874,44.0,0.0,17.599999999999998,26.4,11.0,0.0,10.0,0.0,0.0
195,2014-07-15,1.4789000000000003,0.001581129518116063,44.0,0.0,17.599999999999998,26.4,11.0,0.0,10.0,0.0,0.0
196,2014-07-16,1.5089000000000004,0.001533695632572581,44.0,0.0,17.599999999999998,26.4,11.0,0.0,10.0,0.0,0.0
197,2014-07-17,1.5389000000000004,0.0014876847635954037,43.99999999999999,0.0,17.599999999999994,26.4,11.0,0.0,10.0,0.0,0.0
198,2014-07-18,1.5689000000000004,0.0014430542206875416,43.99999999999999,0.0,17.599999999999994,26.4,11.0,0.0,10.0,0.0,0.0
199,2014-07-19,1.5989000000000004,0.0013997625940669156,44.0,0.0,17.599999999999998,26.4,11.0,0.0,10.0,0.0,0.0
200,2014-07-20,1.6289000000000005,0.001357769716244908,43.99999999999999,0.0,17.599999999999994,26.4,10.999999999999998,0.0,10.0,0.0,0.0
201,2014-07-21,1.6589000000000005,0.001317036624757561,43.999999999999986,0.0,17.599999999999994,26.399999999999995,10.999999999999998,0.0,10.0,0.0,0.0
202,2014-07-22,1.6889000000000005,0.0012775255260148342,43.99999999999999,0.0,17.599999999999994,26.4,11.0,0.0,10.0,0.0,0.0
203,2014-07-23,1.7189000000000005,0.001239199760234389,43.99999999999999,0.0,17.599999999999994,26.4,11.0,0.0,10.0,0.0,0.0
204,2014-07-24,1.7489000000000006,0.0012020237674273575,44.0,0.0,17.599999999999994,26.400000000000002,11.0,0.0,10.0,0.0,0.0
205,2014-07-25,1.7789000000000006,0.0011659630544045365,43.99999999999999,0.0,17.599999999999994,26.4,11.0,0.0,10.0,0.0,0.0
206,2014-07-26,1.8089000000000006,0.0011309841627724006,43.99999999999999,0.0,17.599999999999994,26.4,11.0,0.0,10.0,0.0,0.0
207,2014-07-27,1.8389000000000006,0.0010970546378892285,43.99999999999999,0.0,17.599999999999994,26.4,11.0,0.0,10.0,0.0,0.0
208,2014-07-28,1.8689000000000007,0.0010641429987525517,43.999999999999986,0.0,17.599999999999994,26.399999999999995,11.0,0.0,10.0,0.0,0.0
209,2014-07-29,1.8989000000000007,0.001032218708789975,43.999999999999986,0.0,17.599999999999994,26.39999999999999,11.0,0.0,10.0,0.0,0.0
210,2014-07-30,1.9289000000000007,0.0010012521475262757,43.999999999999986,0.0,17.599999999999994,26.399999999999995,11.0,0.0,10.0,0.0,0.0
211,2014-07-31,1.9589000000000008,0.0009712145831004875,43.999999999999986,0.0,17.59999999999999,26.39999999999999,11.0,0.0,10.0,0.0,0.0
212,2014-08-01,1.9889000000000008,0.0009420781456074729,43.999999999999986,0.0,17.599999999999994,26.39999999999999,11.0,0.0,10.0,0.0,0.0
213,2014-08-02,2.0,0.0009138158012392487,43.999999999999986,0.0,17.599999999999994,26.39999999999999,11.0,0.0,10.0,0.0,0.0
214,2014-08-03,2.0,0.0008864013272020712,43.999999999999986,0.0,17.599999999999994,26.39999999999999,11.0,0.0,10.0,0.0,0.0
215,2014-08-04,2.0,0.0008598092873860091,43.999999999999986,0.0,17.599999999999994,26.399999999999995,11.0,0.0,10.0,0.0,0.0
216,2014-08-05,2.0,0.0008340150087644289,43.99999999999999,0.0,17.599999999999994,26.4,11.0,0.0,10.0,0.0,0.0
217,2014-08-06,2.0,0.0008089945585014961,43.99999999999999,0.0,17.599999999999994,26.4,11.0,0.0,10.0,0.0,0.0
218,2014-08-07,2.0,0.0007847247217464511,43.99999999999999,0.0,17.599999999999994,26.4,11.0,0.0,10.0,0.0,0.0
219,2014-08-08,2.0,0.0007611829800940576,43.99999999999999,0.0,17.599999999999994,26.4,11.0,0.0,10.0,0.0,0.0
220,2014-08-09,2.0,0.0007383474906912358,43.999999999999986,0.0,17.59999999999999,26.4,11.0,0.0,10.0,0.0,0.0
221,2014-08-10,2.0,0.0007161970659704988,43.999999999999986,0.0,17.59999999999999,26.4,11.0,0.0,10.0,0.0,0.0
222,2014-08-11,2.0,0.0006947111539913839,43.999999999999986,0.0,17.59999999999999,26.4,11.0,0.0,10.0,0.0,0.0
223,2014-08-12,2.0,0.0006738698193716424,43.999999999999986,0.0,17.599999999999987,26.4,11.0,0.0,10.0,0.0,0.0
224,2014-08-13,2.0,0.0006536537247904931,43.999999999999986,0.0,17.59999999999999,26.4,11.0,0.0,10.0,0.0,0.0
225,2014-08-14,2.0,0.0006340441130467783,43.999999999999986,0.0,17.599999999999987,26.4,11.0,0.0,10.0,0.0,0.0
226,2014-08-15,2.0,0.000615022789655375,43.999999999999986,0.0,17.59999999999999,26.4,11.0,0.0,10.0,0.0,0.0
227,2014-08-16,2.0,0.0005965721059657136,43.999999999999986,0.0,17.59999999999999,26.4,11.0,0.0,10.0,0.0,0.0
228,2014-08-17,2.0,0.0005786749427867423,43.999999999999986,0.0,17.599999999999987,26.4,11.0,0.0,10.0,0.0,0.0
229,2014-08-18,2.0,0.0005613146945031399,43.999999999999986,0.0,17.599999999999987,26.4,11.0,0.0,10.0,0.0,0.0
230,2014-08-19,2.0,0.0005444752536680458,43.999999999999986,0.0,17.59999999999999,26.4,11.0,0.0,10.0,0.0,0.0
231,2014-08-20,2.0,0.0005281409960580044,43.999999999999986,0.0,17.59999999999999,26.4,11.0,0.0,10.0,0.0,0.0
232,2014-08-21,2.0,0.0005122967661762642,43.999999999999986,0.0,17.599999999999987,26.4,11.0,0.0,10.0,0.0,0.0
233,2014-08-22,2.0,0.0,43.999999999999986,0.0,17.599999999999987,26.4,11.0,0.0,10.0,0.0,0.0
234,2014-08-23,2.0,0.0,43.999999999999986,0.0,17.599999999999987,26.4,11.0,0.0,10.0,0.0,0.0
235,2014-08-24,2.0,0.0,43.999999999999986,0.0,17.599999999999987,26.4,11.0,0.0,10.0,0.0,0.0
236,2014-08-25,2.0,0.0,43.999999999999986,0.0,17.599999999999987,26.4,11.0,0.0,10.0,0.0,0.0
237,2014-08-26,2.0,0.0,43.999999999999986,0.0,17.599999999999987,26.4,11.0,0.0,10.0,0.0,0.0
238,2014-08-27,2.0,0.0,43.999999999999986,0.0,17.599999999999987,26.4,11.0,0.0,10.0,0.0,0.0
239,2014-08-28,2.0,0.0,43.999999999999986,0.0,17.599999999999987,26.4,11.0,0.0,10.0,0.0,0.0
240,2014-08-29,2.0,0.0,43.999999999999986,0.0,17.599999999999987,26.4,11.0,0.0,10.0,0.0,0.0
241,2014-08-30,2.0,0.0,43.999999999999986,0.0,17.599999999999987,26.4,11.0,0.0,10.0,0.0,0.0
242,2014-08-31,2.0,0.0,43.999999999999986,0.0,17.599999999999987,26.4,11.0,0.0,10.0,0.0,0.0
243,2014-09-01,2.0,0.0,43.999999999999986,0.0,17.599999999999987,26.4,11.0,0.0,10.0,0.0,0.0
244,2014-09-02,2.0,0.0,43.999999999999986,0.0,17.599999999999987,26.4,11.0,0.0,10.0,0.0,0.0
245,2014-09-03,2.0,0.0,43.999999999999986,0.0,17.599999999999987,26.4,11.0,0.0,10.0,0.0,0.0
246,2014-09-04,2.0,0.0,43.999999999999986,0.0,17.599999999999987,26.4,11.0,0.0,10.0,0.0,0.0
247,2014-09-05,2.0,0.0,43.999999999999986,0.0,17.599999999999987,26.4,11.000000000000002,0.0,10.0,0.0,0.0
248,2014-09-06,2.0,0.0,43.999999999999986,0.0,17.599999999999987,26.4,11.000000000000002,0.0,10.0,0.0,0.0
249,2014-09-07,2.0,0.0,43.999999999999986,0.0,17.599999999999987,26.4,11.000000000000002,0.0,10.0,0.0,0.0
250,2014-09-08,2.0,0.0,43.999999999999986,0.0,17.599999999999987,26.399999999999995,11.000000000000004,0.0,10.0,0.0,0.0
251,2014-09-09,2.0,0.0,43.99999999999998,0.0,17.599999999999987,26.39999999999999,11.000000000000002,0.0,10.0,0.0,0.0
252,2014-09-10,2.0,0.0,43.99999999999998,0.0,17.599999999999987,26.39999999999999,11.000000000000002,0.0,10.0,0.0,0.0
253,2014-09-11,2.0,0.0,43.99999999999998,0.0,17.599999999999987,26.39999999999999,11.000000000000002,0.0,10.0,0.0,0.0
254,2014-09-12,2.0,0.0,43.99999999999998,0.0,17.599999999999987,26.39999999999999,11.000000000000002,0.0,10.0,0.0,0.0
255,2014-09-13,2.0,0.0,43.99999999999998,0.0,17.599999999999987,26.39999999999999,11.000000000000004,0.0,10.0,0.0,0.0
256,2014-09-14,2.0,0.0,43.99999999999998,0.0,17.599999999999987,26.39999999999999,11.000000000000004,0.0,10.0,0.0,0.0
257,2014-09-15,2.0,0.0,43.99999999999998,0.0,17.599999999999987,26.39999999999999,11.000000000000004,0.0,10.0,0.0,0.0
258,2014-09-16,2.0,0.0,43.99999999999998,0.0,17.599999999999987,26.39999999999999,11.000000000000004,0.0,10.0,0.0,0.0
259,2014-09-17,2.0,0.0,43.99999999999998,0.0,17.599999999999987,26.39999999999999,11.000000000000004,0.0,10.0,0.0,0.0
260,2014-09-18,2.0,0.0,43.99999999999998,0.0,17.599999999999987,26.39999999999999,11.000000000000004,0.0,10.0,0.0,0.0
261,2014-09-19,2.0,0.0,43.99999999999998,0.0,17.599999999999987,26.39999999999999,11.000000000000004,0.0,10.0,0.0,0.0
262,2014-09-20,2.0,0.0,43.99999999999998,0.0,17.599999999999987,26.39999999999999,11.000000000000004,0.0,10.0,0.0,0.0
